,Unnamed: 0,keyword,site_name,URL,snippet,ranking,target
0,0,あっぷる,Apple（日本）,https://www.apple.com/jp/,革新に満ちたAppleの世界へようこそ。AppleのウェブサイトではiPhoneからiPad、Apple Watch、Mac、Apple TVまで、すべての製品の購入ができます。アクセサリやエンターテインメントを探す時も、専任スペシャリストによるデバイスのサポートが必要な時も ...,1,革新 満ち Apple 世界 よう Apple ｳｪﾌﾞｻｲﾄ iPhone iPad Apple Watch Mac Apple TV すべて 製品 購入 でき ｱｸｾｻﾘ ｴﾝﾀｰﾃｲﾝﾒﾝﾄ 探す 時 専任 ｽﾍﾟｼｬﾘｽﾄ よる ﾃﾞﾊﾞｲｽ ｻﾎﾟｰﾄ 必要 時
1,1,あっぷる,Apple（日本）,https://www.apple.com/jp/,革新に満ちたAppleの世界へようこそ。AppleのウェブサイトではiPhoneからiPad、Apple Watch、Mac、Apple TVまで、すべての製品の購入ができます。アクセサリやエンターテインメントを探す時も、専任スペシャリストによるデバイスのサポートが必要な時も ...,2,革新 満ち Apple 世界 よう Apple ｳｪﾌﾞｻｲﾄ iPhone iPad Apple Watch Mac Apple TV すべて 製品 購入 でき ｱｸｾｻﾘ ｴﾝﾀｰﾃｲﾝﾒﾝﾄ 探す 時 専任 ｽﾍﾟｼｬﾘｽﾄ よる ﾃﾞﾊﾞｲｽ ｻﾎﾟｰﾄ 必要 時
2,2,あっぷる,Apple - Wikipedia,https://ja.wikipedia.org/wiki/Apple,Apple Inc. （アップル）は、カリフォルニア州クパチーノに本社を置くアメリカ合衆国の多国籍テクノロジー企業である。デジタル家庭電化製品、ソフトウェア、オンラインサービスの開発・販売を行っている。,3,Apple Inc ｱｯﾌﾟﾙ ｶﾘﾌｫﾙﾆｱ 州 ｸﾊﾟﾁｰﾉ 本社 置く ｱﾒﾘｶ 合衆 国籍 ﾃｸﾉﾛｼﾞｰ 企業 ある ﾃﾞｼﾞﾀﾙ 家庭 電化 ｿﾌﾄｳｪｱ ｵﾝ ﾗｲﾝ ｻｰﾋﾞｽ 開発 販売 行っ いる
3,3,あっぷる,アップル(Apple) - 【メルカリ】No.1フリマアプリ - Mercari,https://www.mercari.com/jp/brand/3272/,アップル - アップルはアメリカの企業で、日本においてもさまざまな製品やサービスが人気を集めています。デザイナーを中心に人気のあるMac、スマートフォンの認知度を広めたとも言えるiPhone、タブレット端末のiPadなどがあります。,4,ｱｯﾌﾟﾙ ｱｯﾌﾟﾙ ｱﾒﾘｶ 企業 日本 おい 製品 ｻｰﾋﾞｽ 人気 集め い ﾃﾞｻﾞｲﾅｰ 中心 人気 ある Mac ﾌｫﾝ 認知 度 広め 言える iPhone ﾀﾌﾞﾚｯﾄ 端末 iPad あり
4,4,あっぷる,Appleに関する最新記事831件 | WIRED.jp,https://wired.jp/tag/apple/,Apple（アップル）は、インターネット関連製品、デジタル家庭電化製品、ソフトウェア製品を開発・販売する多国籍企業。代表的なハードウェア製品として、スマートフォンのiPhone、タブレット型情報端末のiPad、パーソナルコンピュータのMacintosh、携帯 ...,5,Apple ｱｯﾌﾟﾙ ｲﾝﾀｰﾈｯﾄ 関連 ﾃﾞｼﾞﾀﾙ 家庭 電化 ｿﾌﾄｳｪｱ 製品 開発 販売 する 国籍 企業 代表 ﾊｰﾄﾞｳｪｱ し ﾌｫﾝ iPhone ﾀﾌﾞﾚｯﾄ 情報 端末 iPad ﾊﾟｰｿﾅﾙ ｺﾝﾋﾟｭｰﾀ Macintosh 携帯
5,5,あっぷる,アップル（読み）あっぷる（英語表記）Apple Inc. - コトバンク,https://kotobank.jp/word/%E3%82%A2%E3%83%83%E3%83%97%E3%83%AB-11391,日本大百科全書(ニッポニカ) - アップルの用語解説 - アメリカのコンピュータ会社。本社所在地はカリフォルニア州クパーチーノ。カナダ産のリンゴであるマッキントッシュMacintoshに由来するリンゴのロゴマークで有名。2007年1月に社名を従来のアップル・ ...,6,日本 百科 全書 ﾆｯﾎﾟﾆｶ ｱｯﾌﾟﾙ 用語 解説 ｱﾒﾘｶ ｺﾝﾋﾟｭｰﾀ 会社 本社 所在 地 ｶﾘﾌｫﾙﾆｱ 州 ｸﾊﾟｰﾁｰﾉ ｶﾅﾀﾞ ﾘﾝｺﾞ ある ﾏｯｷﾝﾄｯｼｭ Macintosh 由来 する ﾘﾝｺﾞ ﾛｺﾞ ﾏｰｸ 0 年 0 月 社名 従来 ｱｯﾌﾟﾙ
6,6,あっぷる,介護の応援団【あっぷる】 姫路市 - 加古川市 - たつの市 - 明石市,https://www.apple-117.jp/,介護保険申請代行・ケアプラン作成・介護サービスなら117グループ「あっぷる」へ.,7,介護 保険 申請 代行 ｹｱ ﾌﾟﾗﾝ 作成 介護 ｻｰﾋﾞｽ 0 ｸﾞﾙｰﾌﾟ あっぷる
7,7,あっぷる,あっぷる新着情報 - NBC長崎放送,https://www.nbc-nagasaki.co.jp/apple/,あっぷる新着情報. 3/19（木）ささみと豆もやしの香草和え他. 礒永 由紀 先生 料理レシピはこちら ... 出演者. NBCあっぷるtwitter. あっぷるfacebook. あっぷるテレPlus+. あっぷる. 番組でご紹介した情報 · 出演者の紹介 · あっぷるクッキング ...,8,あっぷる 新着 情報 0 0 木 ささみ 豆もやし 香草 他 礒 永 由紀 先生 料理 ﾚｼﾋﾟ 出演 NBC あっぷる twitter あっぷる facebook あっぷる ﾃﾚ Plus あっぷる 番組 紹介 し 情報 出演 紹介 あっぷる ｸｯｷﾝｸﾞ
8,8,あっぷる,あっぷる (@ririka0221apple) | Twitter,https://twitter.com/ririka0221apple,The latest Tweets from あっぷる (@ririka0221apple). PKAのA（@pka_123） サブ（@aptan_21）  あぽちゃんねる↪︎ https://t.co/P1Ecuu5iUq.,9,The latest Tweets from あっぷる ririka 0 apple PKA A pka 0 ｻﾌﾞ aptan 0 ねる https t co P 0 Ecuu 0 iUq
9,9,あっぷる,田中店 | 美容室あっぷる,https://apple-biyou.com/tanaka,田中店. 新型コロナウイルス感染予防対策について. いつも美容室あっぷるをご愛顧いただき誠にありがとうございます。 お客様とスタッフの安全・安心を守るため、お願いがございます。 集団感染を未然に防ぐため、下記のいずれかに該当される方は事前に ...,10,田中 新型 ｺﾛﾅ ｳｲﾙｽ 感染 予防 対策 つい 美容 あっぷる 愛顧 いただき 誠 ござい 客 ｽﾀｯﾌ 安全 安心 守る ため 願い ござい 集団 感染 未然 防ぐ ため 下記 該当 さ 方 事前
10,10,あっぷる,コンタクトレンズ通販 レンズアップル,https://www.lens-apple.jp/,コンタクトレンズ通販レンズアップルは、安心・便利なコンタクトレンズのオンラインショップです。ワンデーアキュビュー、デイリーズアクアの国内正規コンタクトレンズやケア用品を超特価でお届けします。,11,ｺﾝﾀｸﾄ ﾚﾝｽﾞ 通販 ﾚﾝｽﾞ ｱｯﾌﾟﾙ 安心 便利 ｺﾝﾀｸﾄ ﾚﾝｽﾞ ｵﾝ ﾗｲﾝ ｼｮｯﾌﾟ ﾜﾝ ﾃﾞｰ ｱｷｭﾋﾞｭｰ ﾃﾞｲﾘｰｽﾞ ｱｸｱ 国内 正規 ｺﾝﾀｸﾄ ﾚﾝｽﾞ ｹｱ 特価 届け し
11,11,あっぷる,アップルの一覧 | ギズモード・ジャパン,https://www.gizmodo.jp/tag/enterprise/apple/,アップルに関する記事一覧ページです。GIZMODO JAPANは最新のスマートフォンなどのデジタルデバイス情報や最新のガジェット情報から、テクノロジー、サイエンス、ビジネス、エンターテイメントの情報まで、刺激的で他とは違う情報をお届けします。,12,ｱｯﾌﾟﾙ 関する 記事 一覧 ﾍﾟｰｼﾞ GIZMODO JAPAN 最新 ﾌｫﾝ ﾃﾞｼﾞﾀﾙ ﾃﾞﾊﾞｲｽ 情報 最新 ｶﾞｼﾞｪｯﾄ 情報 ﾃｸﾉﾛｼﾞｰ ｻｲｴﾝｽ ﾋﾞｼﾞﾈｽ ｴﾝﾀｰﾃｲﾒﾝﾄ 情報 刺激 他 違う 情報 届け し
12,12,あっぷる,あっぷる 関西 神戸有馬店 | 中古車なら【カーセンサーnet】,https://www.carsensor.net/shop/hyogo/315129005/,あっぷるグループ総在庫600台以上！ 法人名: 株式会社BuyA; 住所: 兵庫県神戸市北区有野町唐櫃144－1. MAP; 営業時間: 10:00～20:00 来店予約OK; 定休日: 水曜日 ※祝日の場合は営業. お電話でのお問い合わせ. 無料. 0078-6003-694593. 評価: 4.8 · ‎25 票 · ‎価格帯: 30.3万円～410万円,13,あっぷる ｸﾞﾙｰﾌﾟ 在庫 0 台 以上 法人 名 株式 会社 BuyA 住所 兵庫 県 神戸 市 北 区 有野 町 唐櫃 0 0 MAP 営業 時間 0 0 0 0 来店 予約 OK 定休 日 水曜 日 祝日 場合 営業 電話 問い合わせ 無料 0 0 0 評価 0 0 0 票 価格 0 0 万 円 0 万 円
13,13,あっぷる,Apple（アップル） - 価格.com,https://kakaku.com/maker/Apple_9/,Apple（アップル）の製品をカテゴリから探すことができます。カテゴリごとの人気売れ筋製品ランキングや、新着ニュースなど、Apple（アップル）の製品に関する情報はここでチェック！,14,Apple ｱｯﾌﾟﾙ 製品 ｶﾃｺﾞﾘ 探す こと でき ｶﾃｺﾞﾘ 人気 売れ筋 製品 ﾗﾝｷﾝｸﾞ 新着 ﾆｭｰｽ Apple ｱｯﾌﾟﾙ 製品 関する 情報 ﾁｪｯｸ
14,14,あっぷる,秋田プレミアムあっぷる | TOP,http://www.xn--l8j6cuc0dv605bd1f.jp/,秋田あっぷるで秋田の情報を知る！秋田県のタウン情報誌あっぷるが発信する秋田県の食べ処やラーメン、温泉、秋田美人、お得なクーポンまで情報満載サイト！,15,秋田 あっぷる 秋田 情報 知る 秋田 県 ﾀｳﾝ 情報 あっぷる 発信 する 秋田 県 食べ 処 ﾗｰﾒﾝ 温泉 秋田 美人 得 ｸｰﾎﾟﾝ 情報 満載 ｻｲﾄ
15,15,あっぷる,GRANNY SMITH APPLE PIE & COFFEE グラニースミス ...,https://grannysmith-pie.com/,ドリンク無料の“早得”キャンペーンが期間延長！！秋限定ドリンク&キッシュが発売開始！！「キャラメルナッツアップルパイ」販売開始！！秋限定「スイートポテトアップルパイ」販売開始！！「モンブランアップルパイ」限定販売！！夏季限定『アフォガード ...,16,ﾄﾞﾘﾝｸ 無料 早 得 ｷｬﾝﾍﾟｰﾝ 期間 延長 秋 限定 ﾄﾞﾘﾝｸ ｷｯｼｭ 発売 開始 ｷｬﾗﾒﾙﾅｯﾂｱｯﾌﾟﾙﾊﾟｲ 販売 開始 秋 限定 ｽｲｰﾄﾎﾟﾃﾄｱｯﾌﾟﾙﾊﾟｲ 販売 開始 ﾓﾝﾌﾞﾗﾝｱｯﾌﾟﾙﾊﾟｲ 限定 販売 夏季 限定 ｱﾌｫｶﾞｰﾄﾞ
16,16,あっぷる,株式会社あっぷる,https://www.apple-inc.co.jp/,相続、コンサルティング、住宅・マンション・土地​、不動産のことならあっぷるへ！株式会社あっぷる（東京都板橋区大山金井町37-5）。TEL03-5966-1221。板橋区を中心に住宅・マンション・土地等の不動産に関わる事業を展開。皆様のベストパートナー ...,17,相続 ｺﾝｻﾙﾃｨﾝｸﾞ 住宅 ﾏﾝｼｮﾝ 土地 動産 こと あっぷる 株式 会社 あっぷる 東京 都 板橋 区 大山 金井 町 0 0 TEL 0 0 0 板橋 区 中心 住宅 ﾏﾝｼｮﾝ 土地 動産 関わる 事業 展開 皆 ﾍﾞｽﾄ ﾊﾟｰﾄﾅｰ
17,17,あっぷる,かふぇ あっぷる - 人形町/カフェ | 食べログ,https://tabelog.com/tokyo/A1302/A130204/13036682/,"かふぇ あっぷる (人形町/カフェ)の店舗情報は食べログでチェック！人形駅前の隠れ家的なカフェ 【禁煙】口コミや評価、写真など、ユーザーによるリアルな情報が満載です！地図や料理メニューなどの詳細情報も充実。支払い方法： カード可 （JCB、AMEX、Diners） 電...お問い合わせ： 03-3639-1445営業時間： 営業時間, 10:30～22:30 LO, 10:30～...ジャンル： カフェ、ケーキ、コーヒー専門店 評価: 3.6 · ‎78 票 · ‎価格帯: ￥1,000～￥1,999",18,かふぇ あっぷる 人形町 ｶﾌｪ 店舗 情報 食べ ﾛｸﾞ ﾁｪｯｸ 人形 駅前 隠れ家 ｶﾌｪ 禁煙 口ｺﾐ 評価 写真 ﾕｰｻﾞｰ よる ﾘｱﾙ 情報 満載 地図 料理 ﾒﾆｭｰ 詳細 情報 充実 支払い 方法 ｶｰﾄﾞ 可 JCB AMEX Diners 電 問い合わせ 0 0 0 営業 時間 営業 時間 0 0 0 0 LO 0 0 ｼﾞｬﾝﾙ ｶﾌｪ ｹｰｷ ｺｰﾋｰ 専門 評価 0 0 0 票 価格 0 0 0 0
18,18,あっぷる,中古車買取・中古車査定のアップル【公式】,https://www.applenet.co.jp/,アップルの中古車買取・中古車査定サービス。無料で自動車の査定相場が分かります。車のことなら国内最大級の買取実績アップルへ！,19,ｱｯﾌﾟﾙ 中古 買取 中古 査定 ｻｰﾋﾞｽ 無料 自動 査定 相場 分かり 車 こと 国内 最大 買取 実績 ｱｯﾌﾟﾙ
19,19,あっぷる,中古車買取・中古車査定のアップル【公式】,https://www.applenet.co.jp/,アップルの中古車買取・中古車査定サービス。無料で自動車の査定相場が分かります。車のことなら国内最大級の買取実績アップルへ！,20,ｱｯﾌﾟﾙ 中古 買取 中古 査定 ｻｰﾋﾞｽ 無料 自動 査定 相場 分かり 車 こと 国内 最大 買取 実績 ｱｯﾌﾟﾙ
20,20,あっぷる,稲沢店 - 中古車査定のアップル,https://www.applenet.co.jp/shop/0091/,稲沢店 |アップルの車買取・車査定サービス。無料で自動車の買取相場が分かります。車のことなら国内最大級の買取実績アップルへ！,21,稲沢 ｱｯﾌﾟﾙ 車 買取 車 査定 ｻｰﾋﾞｽ 無料 自動 買取 相場 分かり 車 こと 国内 最大 買取 実績 ｱｯﾌﾟﾙ
21,21,あっぷる,「アップルストア」の検索結果 - 【楽天市場】ジャンルトップ ...,https://search.rakuten.co.jp/search/mall/%E3%82%A2%E3%83%83%E3%83%97%E3%83%AB%E3%82%B9%E3%83%88%E3%82%A2/,楽天市場-「アップルストア」598件 人気の商品を価格比較・ランキング･レビュー・口コミで検討できます。ご購入でポイント取得がお得。セール商品・送料無料商品も多数。「あす楽」なら翌日お届けも可能です。,22,楽天 市場 ｱｯﾌﾟﾙ ｽﾄｱ 0 件 人気 商品 価格 比較 ﾗﾝｷﾝｸﾞ ﾚﾋﾞｭｰ 口ｺﾐ 検討 でき 購入 ﾎﾟｲﾝﾄ 取得 得 ｾｰﾙ 商品 送料 無料 商品 多数 あす 楽 翌日 届け
22,22,あっぷる,あっぷるとは何？ - Weblio辞書,https://www.weblio.jp/content/%E3%81%82%E3%81%A3%E3%81%B7%E3%82%8B,「あっぷる」の意味はりんごのこと。Weblio国語辞典では「あっぷる」の意味や使い方、用例、類似表現などを解説しています。,23,あっぷる 意味 りんご こと Weblio 国語 辞典 あっぷる 意味 使い 用例 類似 表現 解説 し い
23,23,あっぷる,あっぷる神戸有馬店 | GROUP店舗一覧,https://www.apple-car.jp/shop/kobearima,あっぷる 神戸有馬店 所在地 ：〒651-1331 兵庫県神戸市北区有野町唐櫃144-1連絡先 ：TEL. 078-987-5055 FAX. 078-987-5115営業時間 ：10:00～20:00 来店予約OK定休日 ：水曜日 ※祝日の場合は営業修復歴車の取り扱いも行っておりますが、走行には支障の ...,24,あっぷる 神戸 有馬 所在 地 0 0 兵庫 県 神戸 市 北 区 有野 町 唐櫃 0 0 連絡 先 TEL 0 0 0 FAX 0 0 0 営業 時間 0 0 0 0 来店 予約 OK 定休 日 水曜 日 祝日 場合 営業 修復 取り扱い 行っ おり 走行 支障
24,24,あっぷる,あっぷる神戸有馬店 | GROUP店舗一覧,https://www.apple-car.jp/shop/kobearima,あっぷる 神戸有馬店 所在地 ：〒651-1331 兵庫県神戸市北区有野町唐櫃144-1連絡先 ：TEL. 078-987-5055 FAX. 078-987-5115営業時間 ：10:00～20:00 来店予約OK定休日 ：水曜日 ※祝日の場合は営業修復歴車の取り扱いも行っておりますが、走行には支障の ...,25,あっぷる 神戸 有馬 所在 地 0 0 兵庫 県 神戸 市 北 区 有野 町 唐櫃 0 0 連絡 先 TEL 0 0 0 FAX 0 0 0 営業 時間 0 0 0 0 来店 予約 OK 定休 日 水曜 日 祝日 場合 営業 修復 取り扱い 行っ おり 走行 支障
25,25,あっぷる,あっぷる関西 グループ公式 | 西日本最大級の国産車・輸入車の ...,https://www.apple-car.jp/,あっぷる関西 グループ総在庫数500台以上！西日本最大クラスの特選中古車販売店 最新のチラシと在庫情報はもちろん、各店舗の情報も掲載中！,26,あっぷる 関西 ｸﾞﾙｰﾌﾟ 在庫 数 0 台 以上 西 日本 最大 ｸﾗｽ 特選 中古 販売 最新 ﾁﾗｼ 在庫 情報 店舗 情報 掲載
26,26,あっぷる,原子力広報チームあっぷる 原子力研究開発機構敦賀事業本部,https://www.jaea.go.jp/04/xturuga/chiiki/apple.html,私たち「あっぷる」は、原子力機構の敦賀地区に勤務する女性職員で構成する広報チームです。 主に福井県内で、「もんじゅ」や「ふげん」をはじめとする敦賀の業務紹介をはじめ、原子力やエネルギーについて地域の皆様に分かりやすく伝えることを目指した ...,27,あっぷる 原子 機構 敦賀 地区 勤務 する 女性 職員 構成 する 広報 ﾁｰﾑ 福井 県 もんじゅ ふげん はじめ する 敦賀 業務 紹介 はじめ 原子 ｴﾈﾙｷﾞｰ つい 地域 皆 分かり 伝える こと 目指し
27,27,あっぷる,株式会社あっぷる ソーシャルメディアポリシー - 117グループ,https://www.117.co.jp/compliance/apple.html,株式会社あっぷるの役員および従業員（正社員、嘱託社員、パート、アルバイト、派遣社員など全ての従業者をいい、以下、「私たち」といいます。）は、ソーシャルメディアでのコミュニケーションにおいて、発信した情報が容易かつ瞬時に拡散すると共に、 ...,28,株式 会社 あっぷる 役員 従業 正 社員 嘱託 社員 ﾊﾟｰﾄ ｱﾙﾊﾞｲﾄ 派遣 社員 全て 従業 いい 以下 いい ｿｰｼｬﾙ ﾒﾃﾞｨｱ ｺﾐｭﾆｹｰｼｮﾝ おい 発信 し 情報 瞬時 拡散 する 共
28,28,あっぷる,アップル引越センター | 公式サイトなら最安値,https://apple-hikkoshi.jp/,引越しはアップルセンターにご相談ください。面倒なやり取りや電話なしで、24時間365日、見積もり表示も予約も全てネットで完了できます。テレビCM放映、創業13年・引っ越し実績16万件の実績、 東京圏を中心に大阪圏、名古屋圏で15支店を展開する引越会社 ...,29,引越し ｱｯﾌﾟﾙ ｾﾝﾀｰ 相談 ください 面倒 やり取り 電話 なし 0 時間 0 見積もり 表示 予約 全て ﾈｯﾄ 完了 でき ﾃﾚﾋﾞ CM 放映 創業 0 年 引っ越し 実績 0 万 件 実績 東京 中心 大阪 名古屋 0 支店 展開 する 引越 会社
29,29,あっぷる,AAPL:NASDAQ GS 株価 - アップル - Bloomberg Markets,https://www.bloomberg.co.jp/quote/AAPL:US,アップル (AAPL:NASDAQ GS) の株価、株式情報、チャート、関連ニュースなど、企業概要や株価の分析をご覧いただけます。,30,ｱｯﾌﾟﾙ AAPL NASDAQ GS 株価 株式 情報 ﾁｬｰﾄ 関連 ﾆｭｰｽ 企業 概要 株価 分析 ご覧 いただけ
30,30,あっぷる,英会話｜大阪・梅田と難波の英会話スクール【アップルk ...,https://www.applek.com/,英会話 大阪梅田と難波の英会話スクール創立30周年【アップルkランゲージ】。 初心者からビジネスまでOK1回2475円〜月謝制で英語・英会話・資格を習得！ 独自教授法トレーニングに合格した講師陣が個室レッスン。全外協加盟。 駅前の大人スクール。,31,英 会話 大阪 梅田 難波 英 会話 ｽｸｰﾙ 創立 0 周年 ｱｯﾌﾟﾙ k ﾗﾝｹﾞｰｼﾞ 初心 ﾋﾞｼﾞﾈｽ OK 0 回 0 円 月謝 英語 英 会話 資格 習得 教授 法 ﾄﾚｰﾆﾝｸﾞ 合格 し 講師 陣 個室 ﾚｯｽﾝ 加盟 駅前 大人 ｽｸｰﾙ
31,31,あっぷる,あっぷるワイド - NHK,https://www4.nhk.or.jp/P2933/,3 日後 — 青森のホットなニュースを速くわかりやすく！県内各地にリポーターが出かけて魅力を発掘するコーナーもお届けします。気象予報士が伝える気象情報やお天気の話題も充実。「ストップ！詐欺」「お国ことばで川柳」「あっぷる ...,32,0 青森 ﾎｯﾄ ﾆｭｰｽ 速く わかり 県内 各地 ﾘﾎﾟｰﾀｰ 出かけ 魅力 発掘 する ｺｰﾅｰ 届け し 気象 予報 伝える 気象 情報 天気 話題 充実 ｽﾄｯﾌﾟ 詐欺 国 ことば 川柳 あっぷる
32,32,あっぷる,アップル【AAPL】：掲示板/株価 - Yahoo!ファイナンス,https://stocks.finance.yahoo.co.jp/us/bbs/AAPL,8 時間前 — アップル【AAPL】の掲示板。NYSE（ニューヨーク証券取引所）とNASDAQに上場している全銘柄の株価やチャート、業績などを網羅。ADR日本株やランキングも充実しています。,33,0 時間 前 ｱｯﾌﾟﾙ AAPL 掲示 NYSE ﾆｭｰﾖｰｸ 証券 取引 NASDAQ 上場 し いる 銘柄 株価 ﾁｬｰﾄ 業績 網羅 ADR 日本 株 ﾗﾝｷﾝｸﾞ 充実 し い
33,33,あっぷる,求人を探す | 株式会社あっぷる(117グループ),https://job-gear.net/apple1172/all/tGo_1_20_DUD%2CID/MLkyujin_l.htm,お持ちの資格や経験を活かしませんか？／ ▽充実の福利厚生が自慢！ 「わが社の健康宣言」認定企業☆ 交通費規定支給・マイカー通勤や 育休制度など働きやすい条件... 詳しく見る. 給与: 時給1100円～1560円（経験・能力による）. 勤務地: あっぷる居宅 ...,34,持ち 資格 経験 活かし 充実 福利 厚生 自慢 社 健康 宣言 認定 企業 交通 規定 支給 ﾏｲ ｶｰ 通勤 育休 制度 働き 条件 詳しく 見る 給与 時給 0 円 0 円 経験 能力 よる 勤務 地 あっぷる 居宅
34,34,あっぷる,アップル豊橋佐藤店 (愛知県豊橋市) の詳細 - 中古車 - グーネット,https://www.goo-net.com/usedcar_shop/0207745/detail.html,アップル豊橋佐藤店の店舗詳細情報。中古車・中古車情報のことなら【クルマ、まるごと。グーネット中古車（Goo-net）】中古自動車登録台数が豊富だから、あなたにピッタリな1台が見つかるはず。中古車購入、中古車販売の情報も満載！営業時間： 10：00-19：00 評価: 3.7 · ‎3 票,35,ｱｯﾌﾟﾙ 豊橋 佐藤 店舗 詳細 情報 中古 中古 情報 こと ｸﾙﾏ まる ｸﾞｰ ﾈｯﾄ 中古 Goo net 中古 自動 登録 台数 0 台 見つかる はず 中古 購入 中古 販売 情報 満載 営業 時間 0 0 0 0 評価 0 0 0 票
35,35,あっぷる,アップル豊橋佐藤店 (愛知県豊橋市) の詳細 - 中古車 - グーネット,https://www.goo-net.com/usedcar_shop/0207745/detail.html,アップル豊橋佐藤店の店舗詳細情報。中古車・中古車情報のことなら【クルマ、まるごと。グーネット中古車（Goo-net）】中古自動車登録台数が豊富だから、あなたにピッタリな1台が見つかるはず。中古車購入、中古車販売の情報も満載！営業時間： 10：00-19：00 評価: 3.7 · ‎3 票,36,ｱｯﾌﾟﾙ 豊橋 佐藤 店舗 詳細 情報 中古 中古 情報 こと ｸﾙﾏ まる ｸﾞｰ ﾈｯﾄ 中古 Goo net 中古 自動 登録 台数 0 台 見つかる はず 中古 購入 中古 販売 情報 満載 営業 時間 0 0 0 0 評価 0 0 0 票
36,36,あっぷる,アップル各務原店 （株）ゴトウスバル - 岐阜県 - グーネット,https://www.goo-net.com/usedcar_shop/0203428/detail.html,アップル各務原店 （株）ゴトウスバルの店舗詳細情報。中古車・中古車情報のことなら【クルマ、まるごと。グーネット中古車（Goo-net）】中古自動車登録台数が豊富だから、あなたにピッタリな1台が見つかるはず。中古車購入、中古車販売の情報も満載！営業時間： 10:00~19:00 評価: 4.9 · ‎72 票,37,ｱｯﾌﾟﾙ 各務原 ｺﾞﾄｳｽﾊﾞﾙ 店舗 詳細 情報 中古 中古 情報 こと ｸﾙﾏ まる ｸﾞｰ ﾈｯﾄ 中古 Goo net 中古 自動 登録 台数 0 台 見つかる はず 中古 購入 中古 販売 情報 満載 営業 時間 0 0 0 0 評価 0 0 0 票
37,37,あっぷる,アップルアンドローゼス: 【Apple&Roses】薔薇のタルト ...,http://apple-roses.com/,信州のりんご農家と共に育てた、りんごで作ったアップルタルトやアップルパイを販売しています。薔薇のタルト(アップルアンドローゼス)は、女性に人気でプレゼントにも最適! ギフトや贈答用・ご褒美におしゃれなタルトはいかがですか？,38,信州 りんご 農家 共 育て りんご 作っ ｱｯﾌﾟﾙ ﾀﾙﾄ ｱｯﾌﾟﾙ ﾊﾟｲ 販売 し い 薔薇 ﾀﾙﾄ ｱｯﾌﾟﾙ ｱﾝﾄﾞ ﾛｰｾﾞｽ 女性 人気 ﾌﾟﾚｾﾞﾝﾄ ｷﾞﾌﾄ 贈答 褒美 おしゃれ ﾀﾙﾄ
38,38,あっぷる,「アップル銀行」の誕生は確実視される？ 鍵を握るiPhoneの ...,https://www.sbbit.jp/article/fj/66125,2021/08/18 — ... 世界最先端11社を分析することで、2025年の銀行の姿を読み解く“未来予測書”、そんな山本康正氏の著書『銀行を淘汰する破壊的企業』では、「銀行を破壊する11社」のひとつ、Apple（アップル）の思惑・戦略とは何かが予測されています。創業年／創業者： 1976年／スティーブ・ジョブズ,39,0 0 0 世界 先端 0 社 分析 する こと 0 年 銀行 姿 読み解く 未来 予測 山本 康正 著書 銀行 淘汰 する 破壊 企業 銀行 破壊 する 0 社 ひと Apple ｱｯﾌﾟﾙ 思惑 戦略 予測 さ い 創業 年 創業 0 年 ｽﾃｨｰﾌﾞ ｼﾞｮﾌﾞｽﾞ
39,39,あっぷる,個別教室のアップル ／宮城県仙台市,https://www.apple-kobetsu.jp/,宮城・仙台の「個別教室のアップル」は、仙台、泉中央、旭ヶ丘、長町、上杉、八幡、定禅寺、榴岡に教室を持つ個別指導塾です。完全1対1授業で分からないことなくし、確実な学力向上をお手伝いいたします。,40,宮城 仙台 個別 教室 ｱｯﾌﾟﾙ 仙台 泉 中央 旭ヶ丘 長町 上杉 八幡 禅寺 榴 岡 教室 持つ 個別 指導 塾 0 対 0 授業 分から こと なく 学力 向上 手伝い いたし
40,40,あっぷる,【公式】代官山Candy apple - ダイカンヤマ キャンディー ...,https://candy-apple.shop/,本格スイーツりんご飴専門店カフェ「代官山Candy apple」の公式ウェブサイト。お祭りの屋台で食べるあの懐かしい味『りんご飴』の良さを最大に引き出して魅力あふれる『りんご飴』をお届けりんご・飴・作り方すべてにこだわっています。,41,本格 ｽｲｰﾂ りんご 飴 専門 ｶﾌｪ 代官山 Candy apple 公式 ｳｪﾌﾞｻｲﾄ 祭り 屋台 食べる 懐かしい 味 りんご 飴 良 最大 引き出し 魅力 あふれる りんご 飴 届け りんご 飴 作り すべて こだわっ い
41,41,あっぷる,ホットアップルパイ | メニュー情報 | McDonald's Japan,https://www.mcdonalds.co.jp/products/2110/,たっぷりつまったアップルフィリングとサクサクのパイ生地は相性抜群。 ※中身が熱いことがありますのでやけどにご注意ください。 単品 ¥ 100.,42,つまっ ｱｯﾌﾟﾙ ﾌｨﾘﾝｸﾞ ﾊﾟｲ 生地 相性 中身 熱い こと あり やけど 注意 ください 単品 0
42,42,あっぷる,蔵王温泉 ペンション あっぷる,http://www.apple-bgl.com/,蔵王温泉のペンションあっぷる。露天風呂があります。ワインは常時800本、チーズフォンデゥも楽しめます。約400坪の英国風ガーデン、野原のようなイメージの庭もあります。,43,蔵王 温泉 ﾍﾟﾝｼｮﾝ あっぷる 露天 風呂 あり ﾜｲﾝ 常時 0 ﾁｰｽﾞ ﾌｫﾝﾃﾞｩ 楽しめ 0 坪 英国 ｶﾞｰﾃﾞﾝ 野原 ｲﾒｰｼﾞ 庭 あり
43,43,あっぷる,焼きたてカスタードアップルパイ専門店 RINGO,https://ringo-applepie.com/,サクサクのパイ、後入れでたっぷりはいったカスタードクリーム、ゴロっとしたリンゴが特徴。手のひらサイズのグローブ型で食べやすい大きさ。,44,ﾊﾟｲ 後入れ はいっ ｶｽﾀｰﾄﾞ ｸﾘｰﾑ ｺﾞﾛ し ﾘﾝｺﾞ 特徴 手のひら ｻｲｽﾞ ｸﾞﾛｰﾌﾞ 食べ 大き
44,44,あっぷる,島田市の賃貸・売買ならアップルランド株式会社,https://www.apple-land.jp/,静岡県島田市の不動産・保険のことならアップルランド株式会社におまかせ！ 賃貸（アパート・駐車場）・売買（土地・中古住宅）・相続相談など地域密着の当社に、是非ご相談ください！,45,静岡 県 島田 市 動産 保険 こと ｱｯﾌﾟﾙ ﾗﾝﾄﾞ 株式 会社 まかせ 賃貸 ｱﾊﾟｰﾄ 駐車 売買 土地 中古 住宅 相続 相談 地域 密着 当社 相談 ください
45,45,あっぷる,認知症対応型通所介護事業所 あっぷるの庭 - ネットワーク調剤,https://www.networktyouzai.com/kaigo/kaigo-apple-niwa.php,だからこそあっぷるの庭では、 気兼ねなくリラックスして頂きたいと考えています。 スタッフが全員「私服」なのも、同じ理由から。 利用者さまの性格や症状、状態を把握するスタッフが、 あたたかく対応いたします。 看護師も介護福祉士も、職種は異なり ...,46,あっぷる 庭 気兼ね なく ﾘﾗｯｸｽ し 頂き 考え い ｽﾀｯﾌ 全員 私服 理由 利用 性格 症状 状態 把握 する ｽﾀｯﾌ あたたかく 対応 いたし 看護 介護 福祉 職種 異なり
46,46,あっぷる,コープあっぷるタウン店｜＜公式＞安全安心なお買い物で健康 ...,https://www.okinawa.coop/shops/each/appletown.html,コープあっぷるタウン 2003年12月に那覇新都心にオープンしました。コープおきなわでは初めての複合のお店でコープ以外にテナントさんも沢山あります。コープの中では一番大きいお店で特に生鮮品の品揃えに特徴があります。スーパー以外でもお食事や ...営業時間： あさ9時～よる10時駐車場： 380台テナント案内： ---------------------- 1階 -----------------...ATM： 施設内ＡＴＭ（琉球銀行）; 平日：朝９時から...,47,ｺｰﾌﾟ あっぷる ﾀｳﾝ 0 年 0 月 那覇 都心 ｵｰﾌﾟﾝ し ｺｰﾌﾟ おきなわ 複合 店 ｺｰﾌﾟ 以外 ﾃﾅﾝﾄ あり ｺｰﾌﾟ 中 大きい 店 生鮮 品揃え 特徴 あり ｽｰﾊﾟｰ 以外 食事 営業 時間 あさ 0 時 よる 0 時 駐車 0 台 ﾃﾅﾝﾄ 案内 0 階 ATM 施設 ATM 琉球 銀行 平日 朝 0 時
47,47,あっぷる,【公式】AppleTown | 月刊誌アップルタウン,https://apa-appletown.com/,世界の情報を暮らしに活かす情報発信マガジン.,48,世界 情報 暮らし 活かす 情報 発信 ﾏｶﾞｼﾞﾝ
48,48,あっぷる,FMアップル－エフエムとよひら－,http://765fm.com/,令和3年9月15日午後3時50分頃、札幌市清田区平岡6条1丁目付近の路上で、下校中の女子児童が男に「一緒に帰ろう」と声を掛けられる事案が発生しました。男の特徴は、年齢60歳代くらい、160センチメートルくらい、中肉、上衣グレー色ウインド ...,49,令和 0 年 0 月 0 午後 0 時 0 分 頃 札幌 市 清田 区 平岡 0 条 0 丁目 付近 路上 下校 女子 児童 男 一緒 帰ろう 声 掛け 事案 発生 し 男 特徴 年齢 0 代 0 ｾﾝﾁﾒｰﾄﾙ 中肉 上衣 ｸﾞﾚｰ 色 ｳｲﾝﾄﾞ
49,49,あっぷる,アップルハウス - 東根市,https://applehouse.cc/,アップルハウス有限会社 山形県東根市 注文住宅建築 不動産.,50,ｱｯﾌﾟﾙ ﾊｳｽ 有限 会社 山形 県 東根 市 注文 住宅 建築 動産
50,50,あっぷる,介護福祉のあっぷるへようこそ！ - ウェルライフグループ,https://www.well-life.co.jp/apple/,ウェルライフグループのあっぷるでは、福祉用具の販売をはじめ、福祉用具のレンタル（レンタルサポート）、ケアプランの作成、訪問看護（江戸川区葛西）や高齢者・障害者用住宅リフォーム、デイサービス（江東区亀戸）など、介護福祉に必要な様々は商品や ...,51,ｳｪﾙ ﾗｲﾌ ｸﾞﾙｰﾌﾟ あっぷる 福祉 具 販売 はじめ 福祉 具 ﾚﾝﾀﾙ ﾚﾝﾀﾙ ｻﾎﾟｰﾄ ｹｱ ﾌﾟﾗﾝ 作成 訪問 看護 江戸川 区 葛西 高齢 障害 住宅 ﾘﾌｫｰﾑ ﾃﾞｲ ｻｰﾋﾞｽ 江東 区 亀戸 介護 福祉 必要 商品
51,51,あっぷる,あっぷるぐりむグループ,https://appleivy.co.jp/,株式会社あっぷるアイビー. ［あっぷるぐりむグループ］イタリアンレストラン ピッツェリア／焼肉のバーンズ／あっぷるぐりむ／やきとり居酒屋きらび本店（長野県・新潟県・富山県）. © 2021 あっぷるぐりむグループ ...,52,株式 会社 あっぷる ｱｲﾋﾞｰ ｸﾞﾙｰﾌﾟ ｲﾀﾘｱﾝ ﾚｽﾄﾗﾝ ﾋﾟｯﾂｪﾘｱ 焼肉 ﾊﾞｰﾝｽﾞ あっぷる やきとり 居酒屋 本店 長野 県 新潟 県 富山 県 0 あっぷる ｸﾞﾙｰﾌﾟ
52,52,あっぷる,株式会社アップルケアネット,https://www.applecarenet.jp/,アップルケアネット｜アップル薬局は、地域の皆様との信頼関係を大切にし、「命と健康」そして「りんごのような笑顔」をトータルにサポートする機能性調剤薬局をめざし、着実に歩みを進めていきます。,53,ｱｯﾌﾟﾙｹｱﾈｯﾄ ｱｯﾌﾟﾙ 薬局 地域 皆 信頼 関係 し 命 健康 りんご 笑顔 ﾄｰﾀﾙ ｻﾎﾟｰﾄ する 機能 調剤 薬局 めざし 歩み 進め いき
53,53,あっぷる,テキカカアップルソーダ (330ml) 3本 - もりやま園オンライン ...,https://www.moriyamaen.com/SHOP/S-tekikaka-3.html,ですが、意外なことに搾汁すると、りんごの香りがしかっり感じられる甘すぎない爽やかな味の果汁になります。 摘果りんご100％でつくったテキカカアップルソーダは、甘さ控えめでありながらポリフェノール含有量は ...,54,こと 搾汁 する りんご 香り しかっ 感じ 甘 すぎ 味 果汁 なり 摘果 りんご 0 % つくっ ﾃｷｶｶｱｯﾌﾟﾙｿｰﾀﾞ 甘 あり ﾎﾟﾘﾌｪﾉｰﾙ 含有 量
54,54,あっぷる,FMアップルウェーブ | 弘前市の地域情報を発信する ...,http://www.applewave.co.jp/,ねぷた、桜まつりで有名な弘前市のコミュニティFM放送局FMアップルウェーブです。地域に密着し、地域の防災のためにやさしい日本語をはじめとして様々な情報を発信していきます。,55,ねぷた 桜まつり 弘前 市 ｺﾐｭﾆﾃｨ FM 放送 局 FM ｱｯﾌﾟﾙ ｳｪｰﾌﾞ 地域 密着 し 地域 防災 ため やさしい 日本 語 はじめ し 情報 発信 し いき
55,55,あっぷる,ぴんくあっぷる: ボタンの通販-かわいいボタンとパーツ専門店,https://pinkapple.jp/,かわいい手芸ボタン、キャンディハーツ風のボタンや雪の結晶、ニコちゃん、パトカーのボタンなど、入園準備にぴったりのとびきりキュートなボタンがたくさん♪デコパーツ、ヘアゴムやジビッツ土台もあります.,56,かわいい 手芸 ﾎﾞﾀﾝ ｷｬﾝﾃﾞｨ ﾊｰﾂ ﾎﾞﾀﾝ 雪 結晶 ﾆｺ ﾊﾟﾄｶｰ ﾎﾞﾀﾝ 入園 準備 とびきり ﾎﾞﾀﾝ ﾃﾞｺ ﾊﾟｰﾂ ﾍｱ ｺﾞﾑ ｼﾞﾋﾞｯﾂ 土台 あり
56,56,あっぷる,稲沢市のアップル製品取扱店 検索 - モバ探,https://mobatan.com/apple/aichi/city/inazawa/,稲沢市（愛知県）のアップル製品取扱店を(2件)掲載しています。【モバ探】アップル製品取扱店検索では全国のアップル製品が購入できる店舗をエリア別、お店の種類別（ストア・ショップ・正規サービスプロバイダなど）やレビュー（口コミ・評判）などから ...,57,稲沢 市 愛知 県 ｱｯﾌﾟﾙ 製品 取扱 0 件 掲載 し い ｱｯﾌﾟﾙ 製品 取扱 検索 全国 ｱｯﾌﾟﾙ 製品 購入 できる 店舗 ｴﾘｱ 別 店 種類 別 ｽﾄｱ ｼｮｯﾌﾟ 正規 ｻｰﾋﾞｽ ﾌﾟﾛﾊﾞｲﾀﾞ ﾚﾋﾞｭｰ 口ｺﾐ 評判
57,57,あっぷる,アップルパレス青森 -,https://apple-palace.com/,アップルパレス青森には、今日もまごころが実っています。,58,ｱｯﾌﾟﾙ ﾊﾟﾚｽ 青森 今日 まごころ 実っ い
58,58,あっぷる,不動産のアドバイザー 株式会社アップル。,https://chitose-apple.cbiz.co.jp/,恵庭・千歳の不動産の事なら、株式会社アップルへお気軽にご相談ください。,59,恵庭 千歳 動産 事 株式 会社 ｱｯﾌﾟﾙ 相談 ください
59,59,あっぷる,アップル、トヨタと交渉中のうわさ。2024年まで - Engadget,https://japanese.engadget.com/apple-talk-with-toyota-applecar-063006229.html,2021/09/02 — 2024年までにアップルカーを量産すべく、アップルが日本のトヨタ自動車と交渉中との噂話が報じられています。,60,0 0 0 0 年 ｱｯﾌﾟﾙ ｶｰ 量産 す ｱｯﾌﾟﾙ 日本 ﾄﾖﾀ 自動 交渉 噂話 報じ い
60,60,あっぷる,道の駅なみおか アップルヒル,http://www.applehill.co.jp/,道の駅「なみおか」アップルヒルのサイトです。施設紹介のほか、青森りんごをはじめとした青森の特産品、アップルヒルオリジナル商品などの販売もしています。,61,道 駅 ｱｯﾌﾟﾙ ﾋﾙ ｻｲﾄ 施設 紹介 ほか 青森 りんご はじめ し 青森 特産 ｱｯﾌﾟﾙ ﾋﾙ ｵﾘｼﾞﾅﾙ 商品 販売 し い
61,61,あっぷる,アップルパイクッカー - お菓子道具 | 鉄器の及源鋳造株式会社,https://shop.oigen.jp/?pid=156641235,アップルパイクッカー. おうちのガスコンロで「アップルパイ」がつくれる、ユニークでかわいらしい南部鉄器「アップルパイクッカー」。「”りんご”のデザートを鉄器で提供したい…」青森県弘前市のイタリアン「ダ・サスィーノ」の笹森シェフとシェフ監修 ...,62,ｱｯﾌﾟﾙ ﾊﾟｲ ｸｯｶｰ うち ｶﾞｽ ｺﾝﾛ ｱｯﾌﾟﾙ ﾊﾟｲ つくれる かわいらしい 南部 鉄器 ｱｯﾌﾟﾙ ﾊﾟｲ ｸｯｶｰ りんご ﾃﾞｻﾞｰﾄ 鉄器 提供 し 青森 県 弘前 市 ｲﾀﾘｱﾝ ﾀﾞ･ｻｽｨｰﾉ 笹森 ｼｪﾌ ｼｪﾌ 監修
62,62,あっぷる,タイヤショップ アップルクラブへようこそ。,https://www.net-club.co.jp/apple-club/,apple-clubへようこそ。当店はインターネットショップですが、乗用車・SUV・トラック・ライトバンなどのタイヤを取り扱っております。ご注文後は岐阜市内での店舗に来店いただき、お値打ち名工賃にてタイヤ交換も可能です。ぜひご利用ください。,63,apple club よう 当店 ｲﾝﾀｰﾈｯﾄ ｼｮｯﾌﾟ 乗用 SUV ﾄﾗｯｸ ﾗｲﾄ ﾊﾞﾝ ﾀｲﾔ 取り扱っ おり 注文 岐阜 市 店舗 来店 いただき 値打ち 工賃 ﾀｲﾔ 交換 利用 ください
63,63,あっぷる,あっぷる アーカイブ - 川崎市 - セレモニアグループ,https://www.ceremonia.co.jp/cate_news/cate-apple/,カテゴリ：あっぷる. 2021/05/10 あっぷる. つばき便り5月号掲載のお知らせ！ 2021/04/07 あっぷる. つばき便り4月号掲載のお知らせ！ 2021/03/04 あっぷる. つばき便り3月号掲載のお知らせ！ 2021/02/04 あっぷる. つばき便り2月号掲載のお知らせ！,64,ｶﾃｺﾞﾘ あっぷる 0 0 0 あっぷる つばき 便り 0 月 号 掲載 知らせ 0 0 0 あっぷる つばき 便り 0 月 号 掲載 知らせ 0 0 0 あっぷる つばき 便り 0 月 号 掲載 知らせ 0 0 0 あっぷる つばき 便り 0 月 号 掲載 知らせ
64,64,あっぷる,アップルミント - Amazon.co.jp,https://www.amazon.co.jp/%E3%82%A2%E3%83%83%E3%83%97%E3%83%AB%E3%83%9F%E3%83%B3%E3%83%88/s?k=%E3%82%A2%E3%83%83%E3%83%97%E3%83%AB%E3%83%9F%E3%83%B3%E3%83%88,"ハーブ苗 アップルミント 2個セット【おうちで簡単！育てやすい10.5cmポットハーブ苗シリーズ】自社農場から新鮮苗直送!!【品種で選べるハーブ苗/即出荷】. 5つ星のうち3.0 2 · ￥2,980￥2,980. ￥5,000購入すると、￥200割引. 明日中9/19までにお届け.",65,ﾊｰﾌﾞ 苗 ｱｯﾌﾟﾙ ﾐﾝﾄ 0 ｾｯﾄ うち 育て 0 0 cm ﾎﾟｯﾄ ﾊｰﾌﾞ 苗 ｼﾘｰｽﾞ 自社 農場 苗 直送 品種 選べる ﾊｰﾌﾞ 苗 出荷 0 星 うち 0 0 0 0 0 0 0 0 0 購入 する 0 割引 明日 0 0 届け
65,65,あっぷる,【修理予約】iPhone・Mac修理｜アップル正規修理サービス,https://www.kitamura.jp/service/apple/info/,アップル製品の修理はカメラのキタムラへ。アップル社のトレーニングを受けた技術者が、アップル純正部品を使用して修理を行います。お客様のあらゆるアップルデバイスを安心してお任せください。ご来店の際は待ち時間の少なくなるWeb予約がお勧めです。,66,ｱｯﾌﾟﾙ 製品 修理 ｶﾒﾗ ｷﾀﾑﾗ ｱｯﾌﾟﾙ 社 ﾄﾚｰﾆﾝｸﾞ 受け 技術 ｱｯﾌﾟﾙ 純正 部品 使用 し 修理 行い 客 ｱｯﾌﾟﾙ ﾃﾞﾊﾞｲｽ 安心 し 任せ ください 来店 際 待ち 時間 少なく なる Web 予約 勧め
66,66,あっぷる,アップル稲沢店 | 車買取と言えば - クルル,https://qululu.jp/apple/,車買取と言えば、アップル！ 稲沢市にある、地域密着の車買取専門店。,67,車 買取 言え ｱｯﾌﾟﾙ 稲沢 市 ある 地域 密着 車 買取 専門
67,67,あっぷる,全ての記事 - キッズルームアップル,https://www.apple-kids.com/blog,天気が良い日は変わらず外で遊んでいます。 水あそびの次は、虫や葉っぱを探したり、鉄棒にぶら下がったり。 中でも、ブロックだけでなく、走り回ったりみんな元気いっぱいです！！ 18 0. いいね！されていない記事. キッズルームアップル はなぞの.,68,天気 良い 日 変わら 外 遊ん い 水あそび 次 虫 葉っぱ 探し 鉄棒 ぶら下がっ 中 ﾌﾞﾛｯｸ なく 走り回っ みんな 元気 いっぱい 0 0 いい さ い 記事 ｷｯｽﾞﾙｰﾑｱｯﾌﾟﾙ はなぞの
68,68,あっぷる,ファインオンラインショップ / HURRY UPPLE ハリーアップル,https://www.fine-kagaku.co.jp/products/detail/506,HURRY UPPLE ハリーアップル. 商品番号 r-100661. JANコード. 世界中で話題の成分“NMN”と、素晴らしいパワーを秘めたスイスのリンゴ“ウトビラー・スパトラウバー”を先端技術で培養したこだわりの美容成分をWで詰め込んだサプリメントです。,69,HURRY UPPLE ﾊﾘｰ ｱｯﾌﾟﾙ 商品 番号 r 0 JAN ｺｰﾄﾞ 世界 話題 成分 NMN 素晴らしい ﾊﾟﾜｰ 秘め ｽｲｽ ﾘﾝｺﾞ ｳﾄﾋﾞﾗｰ･ｽﾊﾟﾄﾗｳﾊﾞｰ 先端 技術 培養 し こだわり 美容 成分 W 詰め込ん ｻﾌﾟﾘﾒﾝﾄ
69,69,あっぷる,アップル Apple ノートパソコン 通販 | ビックカメラ.com,https://www.biccamera.com/bc/category/001/100/009/005/?entr_nm=%83A%83b%83v%83%8B%81%40Apple,「アップル Apple ノートパソコン」の通販ならビックカメラ.com。人気商品はレビューやランキングをチェック。安心の長期保証サービス、店舗在庫をネット上で確認、お近くの店舗で受取り申し込みもできます。,70,ｱｯﾌﾟﾙ Apple ﾉｰﾄ ﾊﾟｿｺﾝ 通販 ﾋﾞｯｸ ｶﾒﾗ com 人気 商品 ﾚﾋﾞｭｰ ﾗﾝｷﾝｸﾞ ﾁｪｯｸ 安心 長期 保証 ｻｰﾋﾞｽ 店舗 在庫 ﾈｯﾄ 確認 近く 店舗 受取り 申し込み でき
70,70,あっぷる,ビッグアップル.秋葉原店 - P-WORLD,https://www.p-world.co.jp/tokyo/big-apple.htm,6 日前 — 店舗情報. 住所: 東京都千代田区外神田1-16-1 トゥモロ-ビル1F～4F; アクセス: 秋葉原・万世橋署の隣; 営業時間: 10:00 ～ 22:40; パチンコ: 185台：[4] [500円/400玉]; パチスロ: 663台：[1000円/46枚] [10] [5]; 店内環境: Wi-Fi、携帯 ...,71,0 前 店舗 情報 住所 東京 都 千代田 区 外神田 0 0 0 ﾄｩ ﾓﾛ ﾋﾞﾙ 0 F 0 F ｱｸｾｽ 秋葉原 万世 隣 営業 時間 0 0 0 0 ﾊﾟﾁﾝｺ 0 台 0 0 円 0 玉 ﾊﾟﾁｽﾛ 0 台 0 円 0 0 0 店内 環境 Wi Fi 携帯
71,71,あっぷる,キッズルームあっぷる【地域子育て支援拠点事業】 - 余市町,https://www.town.yoichi.hokkaido.jp/kurashi/kurashinojouhou/ninnsin-syussan-kosodate/kidsroom_apple.html,新型コロナウイルス感染症対策の為のお願い. 新型コロナウィルス感染症対策の為、あっぷるをご利用される方は、. 下記の事項にご理解いただきます ...,72,新型 ｺﾛﾅ ｳｲﾙｽ 感染 対策 為 願い 新型 ｺﾛﾅ ｳｨﾙｽ 感染 対策 為 あっぷる 利用 さ 方 下記 事項 理解 いただき
72,72,あっぷる,あっぷる(岡崎/カフェ・スイーツ) | ホットペッパーグルメ,https://www.hotpepper.jp/strJ000408579/,あっぷる（岡崎/カフェ・スイーツ/カフェ）の店舗情報・予約なら、お得なクーポン満載【ホットペッパーグルメ】！あっぷるの地図、メニュー、口コミ、写真などグルメ情報満載です！,73,あっぷる 岡崎 ｶﾌｪ ｽｲｰﾂ ｶﾌｪ 店舗 情報 予約 得 ｸｰﾎﾟﾝ 満載 ﾎｯﾄ ﾍﾟｯﾊﾟｰ ｸﾞﾙﾒ あっぷる 地図 ﾒﾆｭｰ 口ｺﾐ 写真 ｸﾞﾙﾒ 情報 満載
73,73,あっぷる,はやい・安い・安心の全国チェーン「アップル車検」,http://www.apl21.com/,自動車総合メンテナンスの全国チェーンアップル車検 オンラインで安心・簡単に車検価格見積＆予約が行えます。安い・早い・安心の車検専門店.,74,自動 総合 ﾒﾝﾃﾅﾝｽ 全国 ﾁｪｰﾝ ｱｯﾌﾟﾙ 車検 ｵﾝ ﾗｲﾝ 安心 車検 価格 見積 予約 行え 安い 早い 安心 車検 専門
74,74,あっぷる,弘前ライブニュース applestream(アップルストリーム)｜無料 ...,https://applestream.jp/,弘前FMラジオ局アップルウェーブが提供する無料インターネットニュース動画情報サイト『applestream(アップルストリーム)』。ライブ配信は、アップルストリームと同時にyoutubeでも配信しています！ チャンネル登録していただくと、アップしたニュースや ...,75,弘前 FM ﾗｼﾞｵ 局 ｱｯﾌﾟﾙ ｳｪｰﾌﾞ 提供 する 無料 ｲﾝﾀｰﾈｯﾄ ﾆｭｰｽ 動画 情報 ｻｲﾄ applestream ｱｯﾌﾟﾙ ｽﾄﾘｰﾑ ﾗｲﾌﾞ 配信 ｱｯﾌﾟﾙ ｽﾄﾘｰﾑ 同時 youtube 配信 し い ﾁｬﾝﾈﾙ 登録 し いただく ｱｯﾌﾟ し ﾆｭｰｽ
75,75,あっぷる,アップル医療機器株式会社 / TOPページ,http://www.apple-medical.co.jp/,"医療装具・テーピングサポーター・各種固定バンド・固定帯等を取り扱っています. 0 合計 ¥ 0. 現在カート内に商品はございません。 全ての商品, 腰, ひざ, 下肢全般, 手・ひじ, 使い捨て, 保温用サポーター, その他.",76,医療 装具 ﾃｰﾋﾟﾝｸﾞ ｻﾎﾟｰﾀｰ 各種 固定 ﾊﾞﾝﾄﾞ 固定 取り扱っ い 0 合計 0 現在 ｶｰﾄ 商品 ござい 全て 商品 腰 ひざ 下肢 全般 ひじ 使い捨て 保温 ｻﾎﾟｰﾀｰ 他
76,76,あっぷる,あっぷる調剤薬局 長池店 | 豊橋市 | 一般社団法人 愛知県薬剤師会,https://www.apha.jp/pharmacy_search/area_toyohashi/entry-9751.html/tpl/pharmacy_search/entry1.html,"薬局名, あっぷる調剤薬局 長池店. 所在地, 豊橋市下地町長池75. 電話番号, 0532-58-9333. FAX番号, 0532-58-9366. 営業時間. 定休日. 保険薬局（処方せん応需薬局）, ○. 在宅医療受入薬局. 公認スポーツファーマシスト在籍.薬局名： あっぷる調剤薬局 長池店FAX番号： 0532-58-9366",77,薬局 名 あっぷる 調剤 薬局 長池 所在 地 豊橋 市 下地 町長 0 電話 番号 0 0 0 FAX 番号 0 0 0 営業 時間 定休 日 保険 薬局 処方 せん 応需 薬局 在宅 医療 受入 薬局 公認 ｽﾎﾟｰﾂ ﾌｧｰﾏ ｼｽﾄ 在籍 薬局 名 あっぷる 調剤 薬局 長池 FAX 番号 0 0 0
77,77,あっぷる,アップルの求人 - 愛知県 名古屋市 中川区 | Indeed (インディード),https://jp.indeed.com/%E3%82%A2%E3%83%83%E3%83%97%E3%83%AB%E9%96%A2%E9%80%A3%E3%81%AE%E6%B1%82%E4%BA%BA%E6%84%9B%E7%9F%A5%E7%9C%8C-%E5%90%8D%E5%8F%A4%E5%B1%8B%E5%B8%82-%E4%B8%AD%E5%B7%9D%E5%8C%BA,Indeed.com で愛知県 名古屋市 中川区のアップルの107件の検索結果: 買取スタッフ、バイヤー、営業などの求人を見る。,78,Indeed com 愛知 県 名古屋 市 中川 区 ｱｯﾌﾟﾙ 0 件 検索 結果 買取 ｽﾀｯﾌ ﾊﾞｲﾔｰ 営業 求人 見る
78,78,あっぷる,事業所の詳細 | あっぷるエイド | 大阪府 - 介護サービス情報 ...,https://www.kaigokensaku.mhlw.go.jp/27/index.php?action_kouhyou_detail_001_kihon=true&JigyosyoCd=2772303331-00&ServiceCd=110,"事業所の名称、所在地及び電話番号その他の連絡先. 事業所の名称, (ふりがな), あっぷるえいど. あっぷるエイド. 事業所の所在地, 〒545-0011, 市区町村コード, 大阪市阿倍野区. （都道府県から番地まで）, 大阪府大阪市阿倍野区昭和町2-17-26.介護サービスの種類： 訪問介護",79,事業 名称 所在 地 電話 番号 他 連絡 先 事業 名称 ふりがな あっぷる いど あっぷる ｴｲﾄﾞ 事業 所在 地 0 0 市 区 町 村 ｺｰﾄﾞ 大阪 市 阿倍野 区 都 道 府 県 番地 大阪 府 大阪 市 阿倍野 区 昭和町 0 0 0 介護 ｻｰﾋﾞｽ 種類 訪問 介護
79,79,あっぷる,ほっ湯アップルからのお知らせ | イベントや季節のお知らせ,http://www.hot-apple.net/info/,4 日前 — ほっ湯アップルでは新型コロナウイルス感染拡大防止の為9月2日（木）まで休業としておりますが、感染レベル引き下げが見込まれない為、要請により下記期間まで休業延長といたします。 9月12日（日）まで 休業延長 ※9月13日（月）は ...,80,0 前 湯 ｱｯﾌﾟﾙ 新型 ｺﾛﾅ ｳｲﾙｽ 感染 拡大 防止 為 0 月 0 木 休業 し おり 感染 ﾚﾍﾞﾙ 引き下げ 見込ま 為 要請 より 下記 期間 休業 延長 いたし 0 月 0 日 休業 延長 0 月 0 月
80,80,あっぷる,アップル育児サークル - 千葉市,https://www.city.chiba.jp/chuo/hokenfukushi/kenko/applesa-kuru.html,アップル育児サークル. 新型コロナウイルス感染拡大防止のため、サークル活動を中止しております。 ご理解・ご了承の ...,81,ｱｯﾌﾟﾙ 育児 ｻｰｸﾙ 新型 ｺﾛﾅ ｳｲﾙｽ 感染 拡大 防止 ため ｻｰｸﾙ 活動 中止 し おり 理解 了承
81,81,あっぷる,【LUPICIA】アップルティー 5261 APPLE TEA Pack of 10 tea ...,https://www.lupicia.com/shop/g/g13335261/,爽やかな林檎の香りが広がる芳醇な風味のアップルティーです。林檎の果実を贅沢にトッピングし、味わいは甘く、柔らかに仕上げました。贈りものにもおすすめです。,82,林檎 香り 広がる 芳醇 風味 ｱｯﾌﾟﾙ ﾃｨｰ 林檎 果実 贅沢 ﾄｯﾋﾟﾝｸﾞ し 味わい 甘く 仕上げ 贈りもの すすめ
82,82,あっぷる,あっぷる獣医科病院 - Home | Facebook,https://m.facebook.com/%E3%81%82%E3%81%A3%E3%81%B7%E3%82%8B%E7%8D%A3%E5%8C%BB%E7%A7%91%E7%97%85%E9%99%A2-1539231722959429/,青森駅西口から徒歩10分の動物病院です。 あっぷる獣医科病院へようこそ。当院は、生命の大切さを肝に命じ、飼い主様の信頼 ... 評価: 5 · ‎14 票,83,青森 駅 西口 徒歩 0 動物 病院 あっぷる 医科 病院 よう 当院 生命 肝 命じ 飼い主 信頼 評価 0 0 票
83,83,あっぷる,商品情報［菓子パン］ | アップルパイ - 山崎製パン,https://www.yamazakipan.co.jp/product/02/applepie.html,"何層にも重なった厚いパイ生地はサクサクと歯切れがよく、中には大粒のリンゴ果肉が入ったジャムが！甘さを控えた大人の味のアップルパイは、そのままでも、温めてもおいしく召し上がっていただけます。 栄養成分表. アップルパイ. 栄養成分基準, 1個当たり.",84,何 層 重なっ 厚い ﾊﾟｲ 生地 歯切れ よく 中 大粒 ﾘﾝｺﾞ 果肉 入っ ｼﾞｬﾑ 甘 控え 大人 味 ｱｯﾌﾟﾙ ﾊﾟｲ まま 温め おいしく 召し上がっ いただけ 栄養 成分 表 ｱｯﾌﾟﾙ ﾊﾟｲ 栄養 成分 基準 0
84,84,あっぷる,AppleCLIP（アップルクリップ） | 大塚商会,https://www.otsuka-shokai.co.jp/products/appleclip/,AppleCLIP（アップルクリップ）. iTunes Podcastにて毎週金曜日夕刻に配信！ AppleCLIPは、Apple製品を楽しむ皆様へ向けたPodcast番組です。役立つ情報コーナー「iPhone Business Network（iBN）」では、Apple製品やITニュース、ビジネスに関するトーク ...,85,AppleCLIP ｱｯﾌﾟﾙ ｸﾘｯﾌﾟ iTunes Podcast 毎週 金曜 日 夕刻 配信 AppleCLIP Apple 製品 楽しむ 皆 向け Podcast 番組 役立つ 情報 ｺｰﾅｰ iPhone Business Network iBN Apple 製品 IT ﾆｭｰｽ ﾋﾞｼﾞﾈｽ 関する ﾄｰｸ
85,85,あっぷる,サンキスト 100%アップル 200ml | 飲料 | 商品紹介 - 森永乳業,https://www.morinagamilk.co.jp/products/drink/sunkist100/72.html,"「サンキスト 100%アップル 200ml」を紹介するページです。かがやく""笑顔""のために【森永乳業株式会社】",86,ｻﾝｷｽﾄ 0 ｱｯﾌﾟﾙ 0 ml 紹介 する ﾍﾟｰｼﾞ かがやく 笑顔 ため 森永 乳業 株式 会社
86,86,あっぷる,ジャングラミング | びわこ学院大学附属こども園あっぷる,http://apple-biwagaku.com/news/1924.html,びわこ学院大学附属こども園あっぷる公式サイト。滋賀県東近江市にある幼保連携型認定こども園です。いろいろな活動を通して、子どもと周囲の大人が触れ合い、人に対する愛情と信頼感、 そして人を大切にする心を育て、子どもも大人も共に学び合い、育ち ...,87,びわ 学院 大学 附属 こども あっぷる 公式 ｻｲﾄ 滋賀 県 東近江 市 ある 幼保 連携 認定 こども 活動 通し 子ども 周囲 大人 触れ合い 人 対する 愛情 信頼 感 人 する 心 育て 子ども 大人 共 学び合い 育ち
87,87,あっぷる,ホテル アップル - 八王子市 - ハピホテ,https://happyhotel.jp/hotels/540340,ホテル アップル (アップル) : 東京都 八王子市の情報 - ハッピーホテル（ハピホテ）は、日本最大級のラブホテル検索＆予約サイトです。クーポン・クチコミ・料金・部屋＆お風呂写真など多数掲載。圧倒的情報量でお客様にピッタリのホテルを探せます。,88,ﾎﾃﾙ ｱｯﾌﾟﾙ ｱｯﾌﾟﾙ 東京 都 八王子 市 情報 ﾎﾃﾙ ﾊﾋﾟﾎﾃ 日本 最大 ﾗﾌﾞ ﾎﾃﾙ 検索 予約 ｻｲﾄ ｸｰﾎﾟﾝ ｸﾁｺﾐ 料金 部屋 風呂 写真 多数 掲載 圧倒 情報 量 客 ﾎﾃﾙ 探せ
88,88,あっぷる,自家製カマンベールのアップルパイ(税込・送料別)【冷蔵商品】,https://www.a-fromage.co.jp/shop/products/detail.php?product_id=56,信州産の紅玉りんごととても相性の良いカマンベールがパイ全体に溶け込み、大変芳醇な味わいです。 りんごの産地・信州だからこそ美味しいアトリエ・ド・フロマージュの創作チーズケーキです。 自家製カマンベールのアップルパイ(税込 ...,89,信州 紅玉 りんご 相性 良い ｶﾏﾝﾍﾞｰﾙ ﾊﾟｲ 全体 溶け込み 芳醇 味わい りんご 産地 信州 美味しい ｱﾄﾘｴ ﾄﾞ ﾌﾛﾏｰｼﾞｭ 創作 ﾁｰｽﾞ ｹｰｷ 自家 ｶﾏﾝﾍﾞｰﾙ ｱｯﾌﾟﾙ ﾊﾟｲ 税込
89,89,あっぷる,出願された特許をもとに、アップルカーの機能を予想してみた,https://www.businessinsider.jp/post-228111,2021/01/21 — 過去数年間で、アップルはいくつかの自動車関連の特許を出願している。ロイターによれば、ヒュンダイとアップルは2021年までに自動車の｢ベータ｣版を製造する契約を結ぼうとしているという。アップルが最近出願した車両に関する6つの特許 ...,90,0 0 0 過去 数 年間 ｱｯﾌﾟﾙ いく 自動 関連 特許 出願 し いる ﾛｲﾀｰ よれ ﾋｭﾝﾀﾞｲ ｱｯﾌﾟﾙ 0 年 自動 版 製造 する 契約 結ぼう し いる いう ｱｯﾌﾟﾙ 最近 出願 し 車両 関する 0 特許
90,90,あっぷる,コーポあっぷるの建物情報｜北海道岩見沢市大和3条7丁目8-1,https://www.homes.co.jp/archive/b-25162851/,2021/09/08 — コーポあっぷる(岩見沢市大和3条7丁目)の建物情報。間取り図や写真、家賃・価格や、建物内に賃貸や中古マンションの空室・売出し情報があるか確認できます。【不動産アーカイブ】なら日本全国にある250万棟以上の建物から住まいを探す ...なぜ募集広告ではない参考としての建物情報を掲載しているのでしょうか？コーポあっぷるに空室があるか確認できますか？,91,0 0 0 ｺｰﾎﾟ あっぷる 岩見沢 市 大和 0 条 0 丁目 建物 情報 間取り 図 写真 家賃 価格 建物 賃貸 中古 ﾏﾝｼｮﾝ 空室 売出し 情報 ある 確認 でき 動産 ｱｰｶｲﾌﾞ 日本 全国 ある 0 万 棟 以上 建物 住まい 探す 募集 広告 ない 参考 し 建物 情報 掲載 し いる ｺｰﾎﾟ あっぷる 空室 ある 確認 でき
91,91,あっぷる,アップルジャパン株式会社 - 企業情報センター - ZDNet Japan,https://japan.zdnet.com/company/20012099/,アップルは、モバイルOSの新バージョン「iOS 15」と「iPadOS 15」を米国時間9月20日（日本時間21日）にリリースすることを明らかにした。 2021-09-15. 「iOS」「macOS」などにセキュリティ更新--悪用された可能性がある脆弱性を修正. 2021-09-14.本社所在地： 163-1480; 東京都 新宿区西新宿3-...,92,ｱｯﾌﾟﾙ ﾓﾊﾞｲﾙ OS ﾊﾞｰｼﾞｮﾝ iOS 0 iPadOS 0 米国 時間 0 月 0 日本 時間 0 ﾘﾘｰｽ する こと し 0 0 0 iOS macOS ｾｷｭﾘﾃｨ 更新 悪用 さ ある 脆弱 修正 0 0 0 本社 所在 地 0 0 東京 都 新宿 区 西新宿 0
92,92,あっぷる,個別指導アップ・る｜文武両道プロジェクト推進塾,https://up-dekiru555.com/,滋賀県に本社を構える『個別指導アップ・る』では、性格やタイプに合わせた指導法でやる気と成績をUPさせます！塾に通う事が厳しいお子様にはタブレット授業でフォローも！教室も数拠点ございますので、お気軽にお問い合わせください。,93,滋賀 県 本社 構える 個別 指導 ｱｯﾌﾟ 性格 ﾀｲﾌﾟ 合わせ 指導 やる気 成績 UP さ 塾 通う 事 厳しい 子 ﾀﾌﾞﾚｯﾄ 授業 ﾌｫﾛｰ 教室 数 拠点 ござい 問い合わせ ください
93,93,あっぷる,アップル、iPhoneの広告制限を21年初頭に開始 - JBpress,https://jbpress.ismedia.jp/articles/-/63226,2020/12/10 — 米アップルが2021年初頭にスマートフォン「iPhone」やタブレット端末「iPad」などのOS（基本ソフト）でプライバシー保護を強化するとロイターや米CNBCが12月8日に報じた。(1/2),94,0 0 0 米 ｱｯﾌﾟﾙ 0 年 初頭 ﾌｫﾝ iPhone ﾀﾌﾞﾚｯﾄ 端末 iPad OS 基本 ｿﾌﾄ ﾌﾟﾗｲﾊﾞｼｰ 保護 強化 する ﾛｲﾀｰ 米 CNBC 0 月 0 報じ 0 0
94,94,あっぷる,あっぷる - 早川・身延・南部町×喫茶店 - ぐるなび,https://r.gnavi.co.jp/p4fc7dnb0000/,あっぷる（早川・身延・南部町/喫茶店）の口コミや情報、地図・☎電話番号などを【ぐるなび】がご紹介。早川・身延・南部町周辺のカフェ・スイーツ情報も掲載。,95,あっぷる 早川 身延 南部 町 喫茶 口ｺﾐ 情報 地図 電話 番号 ぐるなび 紹介 早川 身延 南部 町 周辺 ｶﾌｪ ｽｲｰﾂ 情報 掲載
95,95,あっぷる,あっぷるのブログ,https://www.apple-blog.net/,あっぷるのブログでは生活を豊かにする ガジェットを紹介しています。 ブログを見る. apple. 愛知県在住の学生パソコンやガジェットを趣味で集めてます！ PCゲームも結構プレイ(Apex LegendsやMinecraftなど) デザイン、プログラミングも勉強中.,96,あっぷる ﾌﾞﾛｸﾞ 生活 する ｶﾞｼﾞｪｯﾄ 紹介 し い ﾌﾞﾛｸﾞ 見る apple 愛知 県 在住 学生 ﾊﾟｿｺﾝ ｶﾞｼﾞｪｯﾄ 趣味 集め PC ｹﾞｰﾑ ﾌﾟﾚｲ Apex Legends Minecraft ﾃﾞｻﾞｲﾝ ﾌﾟﾛｸﾞﾗﾐﾝｸﾞ 勉強
96,96,あっぷる,ヨドバシカメラのApple Shop（アップルショップ）へようこそ,https://www.yodobashi.com/store/197600/,トップ; >; ヨドバシカメラのApple Shop（アップルショップ）へようこそ. ヨドバシカメラのApple Shopへようこそ. アクセサリ15％off. 新製品特集（随時更新）. Apple Watch Series 7はこの秋に発売。ご予約受付の開始はこちらのページよりご案内いたし ...,97,ﾄｯﾌﾟ ﾖﾄﾞﾊﾞｼ ｶﾒﾗ Apple Shop ｱｯﾌﾟﾙ ｼｮｯﾌﾟ よう ﾖﾄﾞﾊﾞｼ ｶﾒﾗ Apple Shop よう ｱｸｾｻﾘ 0 % off 製品 特集 随時 更新 Apple Watch Series 0 秋 発売 予約 受付 開始 ﾍﾟｰｼﾞ 案内 いたし
97,97,あっぷる,アップルハウス,http://www.applehouse.com/,アップルハウスは日本国産・天然素材にこだわった婦人服ブランドです。フリーサイズ・エイジレスでどなたにも心地良く着ていただける服をつくっています。姉妹ブランド「Fleur de pomme」では麻素材のこだわり商品を展開中。,98,ｱｯﾌﾟﾙ ﾊｳｽ 日本 国産 天然 素材 こだわっ 婦人 服 ﾌﾞﾗﾝﾄﾞ ﾌﾘｰ ｻｲｽﾞ ｴｲｼﾞ ﾚｽ 心地良く 着 いただける 服 つくっ い 姉妹 ﾌﾞﾗﾝﾄﾞ Fleur de pomme 麻 素材 こだわり 商品 展開
98,98,あっぷる,スタジオアップル - 福岡県八女市・久留米市 写真スタジオ ...,https://studio-apple.net/,ニューボーン・お宮参り・百日祝い · 今月のチラシ · 2021キッズモデルご紹介！ スタジオアップルの新作ブランド衣裳. 新着情報. 2021.08.27 お知らせ キッズモデル2021を掲載しました♪ · 2021.07.21 お知らせ チラシ情報を更新しました♪ ...,99,ﾆｭｰ ﾎﾞｰﾝ 宮参り 百 日 祝い 今月 ﾁﾗｼ 0 ｷｯｽﾞ ﾓﾃﾞﾙ 紹介 ｽﾀｼﾞｵ ｱｯﾌﾟﾙ 新作 ﾌﾞﾗﾝﾄﾞ 衣裳 新着 情報 0 0 0 知らせ ｷｯｽﾞ ﾓﾃﾞﾙ 0 掲載 し 0 0 0 知ら ﾁﾗｼ 情報 更新 し
