,keyword,site_name,URL,snippet,ranking,target
0,アマゾン 木,木 - Amazon.co.jp,https://www.amazon.co.jp/%E6%9C%A8/s?k=%E6%9C%A8,Amazon.co.jp: 木.,1,Amazon co jp 木
1,アマゾン 木,木 - Amazon.co.jp,https://www.amazon.co.jp/%E6%9C%A8/s?k=%E6%9C%A8,Amazon.co.jp: 木.,2,Amazon co jp 木
2,アマゾン 木,木材 - Amazon.co.jp,https://www.amazon.co.jp/%E6%9C%A8%E6%9D%90/s?k=%E6%9C%A8%E6%9D%90,Airfleebax 超薄い板 木の板 木製 DIY工芸品 木材シート模型 ホビー素材 画材 文房具 装飾 無塗装 工作材料 手作り 超薄い 薄さ1.5mm 超軽い 便利な板 彫刻 15枚セット.,3,Airfleebax 薄い 板 木 板 木製 DIY 工芸 木材 ｼｰﾄ 模型 ﾎﾋﾞｰ 素材 画材 文房 具 装飾 塗装 工作 材料 手作り 薄い 薄 0 0 mm 軽い 便利 板 彫刻 0 ｾｯﾄ
3,アマゾン 木,木のおもちゃ の 売れ筋ランキング - アマゾン,https://www.amazon.co.jp/gp/bestsellers/toys/13365171,Amazon.co.jp 売れ筋ランキング: 木のおもちゃ の中で最も人気のある商品です.,4,Amazon co jp 売れ筋 ﾗﾝｷﾝｸﾞ 木 おもちゃ 中 人気 ある 商品
4,アマゾン 木,木 板 - Amazon.co.jp,https://www.amazon.co.jp/%E6%9C%A8-%E6%9D%BF/s?k=%E6%9C%A8+%E6%9D%BF,初回のご注文は送料無料です。(Amazonが発送する商品のみ). OLYCRAFT 20枚 木 板 薄い 2.5mm 桐 木材 15x10x0.25cm ウッド 板材 木製プレート 塗れる板 カット DIY ...,5,初回 注文 送料 無料 Amazon 発送 する 商品 OLYCRAFT 0 木 板 薄い 0 0 mm 桐 木材 0 x 0 x 0 0 cm ｳｯﾄﾞ 板材 木製 ﾌﾟﾚｰﾄ 塗れる 板 ｶｯﾄ DIY
5,アマゾン 木,アマゾン熱帯雨林 - Wikipedia,https://ja.wikipedia.org/wiki/%E3%82%A2%E3%83%9E%E3%82%BE%E3%83%B3%E7%86%B1%E5%B8%AF%E9%9B%A8%E6%9E%97,森林破壊によって木が枯れる現象が多発 — 森林破壊によって木が枯れる現象が多発[編集]. 森林破壊によって引き起こされたと見られる、木々の枯死が多発しており問題に ...‎概説 · ‎生物 · ‎環境破壊 · ‎森林破壊・枯死による二酸化炭素放出源の可能性,6,森林 破壊 よっ 木 枯れる 現象 多発 森林 破壊 よっ 木 枯れる 現象 多発 編集 森林 破壊 よっ 引き起こさ 見 木々 枯死 多発 し おり 問題 概説 生物 環境 破壊 森林 破壊 枯死 よる 二 酸化 炭素 放出
6,アマゾン 木,科学者が「大きすぎてセンサーの故障かと思った」という ...,https://gigazine.net/news/20191006-amazon-tallest-tree/,"Oct 6, 2019 — Researchers Discover the Tallest Known Tree in the Amazon | Science | Smithsonian ... アマゾンで最も巨大な木を発見したのは、ブラジルの大学で ...",7,Oct 0 0 Researchers Discover the Tallest Known Tree in the Amazon Science Smithsonian ｱﾏｿﾞﾝ 木 発見 し ﾌﾞﾗｼﾞﾙ 大学
7,アマゾン 木,アマゾン熱帯雨林の樹木、数種類の樹木が大半を占める,https://www.afpbb.com/articles/-/3001840,"Oct 21, 2013 — 【10月21日 AFP】世界最大の熱帯雨林、アマゾン（Amazon）に生い茂る樹木は、実際には同じ種類の木が多数を占めているとの調査結果をまとめた論文が18 ...",8,Oct 0 0 0 月 0 AFP 世界 最大 熱帯 雨林 ｱﾏｿﾞﾝ Amazon 生い茂る 樹木 実際 種類 木 多数 占め いる 調査 結果 まとめ 論文 0
8,アマゾン 木,カポックの木―南米アマゾン・熱帯雨林のお話 - Amazon.com,https://www.amazon.com/%E3%82%AB%E3%83%9D%E3%83%83%E3%82%AF%E3%81%AE%E6%9C%A8_%E5%8D%97%E7%B1%B3%E3%82%A2%E3%83%9E%E3%82%BE%E3%83%B3%E3%83%BB%E7%86%B1%E5%B8%AF%E9%9B%A8%E6%9E%97%E3%81%AE%E3%81%8A%E8%A9%B1/dp/4924684899,カポックの木―南米アマゾン・熱帯雨林のお話 on Amazon.com. *FREE* shipping on qualifying offers. カポックの木―南米アマゾン・熱帯雨林のお話.,9,ｶﾎﾟｯｸ 木 南米 ｱﾏｿﾞﾝ 熱帯 雨林 話 on Amazon com FREE shipping on qualifying offers ｶﾎﾟｯｸ 木 南米 ｱﾏｿﾞﾝ 熱帯 雨林 話
9,アマゾン 木,アマゾンの破壊の現状 | 特定非営利活動法人 熱帯森林保護団体,https://rainforestjp.com/deforestation/current-state/,道路に沿ってまず木材伐採業者が入り、マホガニーやイペーなどの商業価値のある木を切り出しました。 有用でない木は倒してから火を入れて焼き払い、裸地となった森の跡地 ...,10,道路 沿っ 木材 伐採 入り ﾏﾎｶﾞﾆｰ ｲﾍﾟｰ 商業 価値 ある 木 切り出し 有用 ない 木 倒し 火 入れ 焼き払い 裸地 なっ 森 跡地
10,アマゾン 木,アマゾンの森 - Walkr - ポケットの中の銀河冒険,https://walkrgame.com/jp/planets/forest,CREATURE. 樹人. 樹人はおとなしい性格で、皮膚の表面が樹皮のように粗く、群れを成して森の中に隠れている。火を恐れる。 GRAVITY. 3.46G. RESOURCE. 木 ...,11,CREATURE 樹人 樹人 おとなしい 性格 皮膚 表面 樹皮 粗く 群れ 成し 森 中 隠れ いる 火 恐れる GRAVITY 0 0 G RESOURCE 木
11,アマゾン 木,カポックの木（南米アマゾン熱帯雨林のお話 - 絵本ナビ,https://www.ehonnavi.net/ehon00.asp?no=2135,"カポックの木（南米アマゾン熱帯雨林のお話、リン・チェリー,リン・チェリー,みらい なな：1900万人が利用する絵本情報サイト、みんなの声2件、森に生えている一本の木 ...",12,ｶﾎﾟｯｸ 木 南米 ｱﾏｿﾞﾝ 熱帯 雨林 話 ﾘﾝ ﾁｪﾘｰ ﾘﾝ ﾁｪﾘｰ みらい なな 0 万 利用 する 絵本 情報 ｻｲﾄ みんな 声 0 件 森 生え いる 一 木
12,アマゾン 木,大迫力！6キロオーバーのブラジル産アマゾンの木化石,https://www.kaseki7.com/items_fossil/ot/602.html,どどーんとそびえ立つ極厚の木化石、ブラジル産の珪化木（けいかぼく）標本をご紹介します。 ペルム紀のアマゾンの木化石のビッグ標本です。断面は鉱物に置換されて ...,13,そびえ立つ 極 木化 ﾌﾞﾗｼﾞﾙ 珪化 木 けい 標本 紹介 し ﾍﾟﾙﾑ ｱﾏｿﾞﾝ 木化 標本 断面 鉱物 置換 さ
13,アマゾン 木,恵木 亮次 - インサイドセールスアカウントマネージャー,https://jp.linkedin.com/in/%E4%BA%AE%E6%AC%A1-%E6%81%B5%E6%9C%A8-7336a1211,札幌都市圏 · インサイドセールスアカウントマネージャー · アマゾンジャパン（合同）ユーザー登録をすると、恵木 亮次さんの詳細なプロフィールやプロフェッショナル ... アマゾンジャパン（合同） - インサイドセールスアカウントマネージャー.,14,札幌 都市 ｲﾝｻｲﾄﾞｾｰﾙｽｱｶｳﾝﾄﾏﾈｰｼﾞｬｰ ｱﾏｿﾞﾝ ｼﾞｬﾊﾟﾝ 合同 ﾕｰｻﾞｰ 登録 する 恵 木 亮次 詳細 ﾌﾟﾛﾌｨｰﾙ ﾌﾟﾛﾌｪｯｼｮﾅﾙ ｱﾏｿﾞﾝ ｼﾞｬﾊﾟﾝ 合同 ｲﾝｻｲﾄﾞ ｾｰﾙｽ ｱｶｳﾝﾄ ﾏﾈｰｼﾞｬｰ
14,アマゾン 木,"植物, アマゾン, 木 - Can Stock Photo",https://www.canstockphoto.jp/%E6%A4%8D%E7%89%A9-%E3%82%A2%E3%83%9E%E3%82%BE%E3%83%B3-%E6%9C%A8-16588600.html,"植物, アマゾン, 木 - このロイヤリティーフリーストックフォトを数秒でダウンロード。メンバーシップは必要ありません。¥600 · ‎In stock",15,植物 ｱﾏｿﾞﾝ 木 ﾛｲﾔﾘﾃｨｰﾌﾘｰｽﾄｯｸﾌｫﾄ 数 秒 ﾀﾞｳﾝﾛｰﾄﾞ ﾒﾝﾊﾞｰｼｯﾌﾟ 必要 あり 0 In stock
15,アマゾン 木,アマゾンジャラ イタウバ ウッドデッキ DIY ... - volscambiente.it,https://www.volscambiente.it/2265/RV5OVU-Soq/432632/3-f-d8a9f3,アマゾンジャラ イタウバ ウッドデッキ DIY キット 施工例 強度 天然木 木材 ハードウッド 組立 無垢 ノーメンテナンス ガーデンニング 日本製備考欄に調整束タイプと ...,16,ｱﾏｿﾞﾝ ｼﾞｬﾗ ｲﾀｳﾊﾞ ｳｯﾄﾞ ﾃﾞｯｷ DIY ｷｯﾄ 施工 例 強度 天然 木 木材 ﾊｰﾄﾞ ｳｯﾄﾞ 組立 無垢 ﾉｰ ﾒﾝﾃﾅﾝｽ ｶﾞｰﾃﾞﾝﾆﾝｸﾞ 日本 備考 欄 調整 束 ﾀｲﾌﾟ
16,アマゾン 木,【あす楽対応】 コパイバマリマリreg; 10ml＜食用油,http://bovinosbrewery.com/assurer2009237.html,2592円 アマゾンの森の奥深くに眠る聖木から授けられた神秘のオイル。【あす楽対応】 コパイバマリマリreg; 10ml＜食用油＞ ダイエット・健康 健康食品 健康油.,17,0 円 ｱﾏｿﾞﾝ 森 奥深く 眠る 木 授け 神秘 ｵｲﾙ あす 楽 対応 ｺﾊﾟｲﾊﾞﾏﾘﾏﾘ reg 0 ml 食用 ﾀﾞｲｴｯﾄ 健康 健康 食品 健康 油
17,アマゾン 木,｢スマホのなる木｣、熾烈なアマゾンのドライバー間競争を象徴,https://www.bloomberg.co.jp/news/articles/2020-09-01/QFZH8ST0AFB901,"Sep 2, 2020 — シカゴ郊外、アマゾン・ドット・コムの配送ステーションやホール・フーズの近くでは、スマートフォンがぶら下げられた木が目撃されている。",18,Sep 0 0 ｼｶｺﾞ 郊外 ｱﾏｿﾞﾝ ﾄﾞｯﾄ ｺﾑ 配送 ｽﾃｰｼｮﾝ ﾎｰﾙ ﾌｰｽﾞ 近く ﾌｫﾝ ぶら下げ 木 目撃 さ いる
18,アマゾン 木,コパイバ公式オンラインストア | アマゾンの森の聖木樹液 ...,https://copaiba.jp/,アマゾン伝承の黄金樹液オイルと、熱帯雨林植物を使った無添加・オーガニックケアコスメをお届けします.,19,ｱﾏｿﾞﾝ 伝承 黄金 樹液 ｵｲﾙ 熱帯 雨林 植物 使っ 添加 ｵｰｶﾞﾆｯｸ ｹｱ ｺｽﾒ 届け し
19,アマゾン 木,仮面ライダーアマゾン×ヤマグチノリカズ 木版画 限定100 ...,https://p-bandai.jp/item/item-1000092900,仮面ライダー1号×ヤマグチノリカズ木版画 限定100 シリアルナンバー入り | バンダイナムコグループ公式通販サイト | プレミアムバンダイ。,20,仮面 ﾗｲﾀﾞｰ 0 号 ﾔﾏｸﾞﾁﾉﾘｶｽﾞ 木 版画 限定 0 ｼﾘｱﾙ ﾅﾝﾊﾞｰ 入り ﾊﾞﾝﾀﾞｲ ﾅﾑｺ ｸﾞﾙｰﾌﾟ 公式 通販 ｻｲﾄ ﾌﾟﾚﾐｱﾑﾊﾞﾝﾀﾞｲ
20,アマゾン 木,米アマゾン、マスク氏の「ルール無視」を批判 当局への文書で,https://news.yahoo.co.jp/articles/98b54ce26717be4ce3aca239b98d1de695e82a52,"Sep 9, 2021 — ［ワシントン 8日 ロイター］ - 米アマゾン・ドット・コムは米連邦通信委員会（FCC）への提出文書で、電気自動車（EV） ... 9/9(木) 11:33 配信.",21,Sep 0 0 ﾜｼﾝﾄﾝ 0 ﾛｲﾀｰ 米 ｱﾏｿﾞﾝ ﾄﾞｯﾄ ｺﾑ 米 連邦 通信 委員 会 FCC 提出 文書 電気 自動 EV 0 0 木 0 0 配信
21,アマゾン 木,第7回Amazon アカデミー「時代の転機を迎える日本社会 ...,https://prtimes.jp/main/html/rd/p/000001344.000004612.html,"Sep 8, 2021 — アマゾンジャパン合同会社のプレスリリース（2021年9月8日 11時30分）9月16日（木）オンライン開催、第7回Amazon アカデミー[時代の転機を迎える日本 ...",22,Sep 0 0 ｱﾏｿﾞﾝ ｼﾞｬﾊﾟﾝ 合同 会社 ﾌﾟﾚｽ ﾘﾘｰｽ 0 年 0 月 0 0 時 0 分 0 月 0 木 ｵﾝ ﾗｲﾝ 開催 0 回 Amazon ｱｶﾃﾞﾐｰ 時代 転機 迎える 日本
22,アマゾン 木,アマゾンジャラの激安価格 - リーベプロ,https://www.liebe-pro.com/products/wdau/,アマゾンジャラ（アマゾンウリン）に限らず天然木は最終的にシルバーグレーへと変化します。 経年変化により細かいひび・反りなどが発生する可能性がございますが、ご使用 ...材色: 赤褐色,23,ｱﾏｿﾞﾝ ｼﾞｬﾗ ｱﾏｿﾞﾝ ｳﾘﾝ 限ら 天然 木 最終 ｼﾙﾊﾞｰ ｸﾞﾚｰ 変化 し 経年 変化 より 細かい ひび 反り 発生 する ござい 使用 材色 赤褐
23,アマゾン 木,アマゾン聖木樹液コパイバマリマリ10ml - HSP SHOP,https://www.ilchihspshop.com/smartphone/detail.html?id=000000000252,定番人気の「コパイバ マリマリ聖木樹液」ブラジル・アマゾンに暮らすインディオが長年にわたって受け継いできた知恵と森の恵みが凝縮された「コパイバ マリマリ聖木 ... Rating: 5 · ‎4 votes,24,定番 人気 ｺﾊﾟｲﾊﾞ ﾏﾘﾏﾘ 木 樹液 ﾌﾞﾗｼﾞﾙ ｱﾏｿﾞﾝ 暮らす ｲﾝﾃﾞｨｵ 長年 わたっ 受け継い き 知恵 森 恵み 凝縮 さ ｺﾊﾟｲﾊﾞ ﾏﾘﾏﾘ 木 Rating 0 0 votes
24,アマゾン 木,アマゾンの森林火災は“必然”だった    急速に進む恐るべき「緑 ...,https://wired.jp/2019/08/28/horrifying-science-of-the-deforestation-fueling-amazon-fires/,"Aug 28, 2019 — 一方で、現在起きている火災の主な要因は、言うまでもなく焼き畑だ。熱帯雨林の開拓では、まずは余分な木を伐採し、乾燥するまで放置してから焼却する。",25,Aug 0 0 一方 現在 起き いる 火災 要因 言う なく 焼き畑 熱帯 雨林 開拓 余分 木 伐採 し 乾燥 する 放置 し 焼却 する
25,アマゾン 木,アマゾンジャラ イタウバ ウッドデッキ DIY キット 施工例 強度 ...,https://cri.nfe.go.th/makeasmtp.php?backtrackergwyh/kqefcg3039092.htm,アマゾンジャラ イタウバ ウッドデッキ DIY キット 施工例 強度 天然木 木材 ハードウッド 組立 無垢 ノーメンテナンス ガーデンニング 日本製備考欄に調整束タイプと ...,26,ｱﾏｿﾞﾝ ｼﾞｬﾗ ｲﾀｳﾊﾞ ｳｯﾄﾞ ﾃﾞｯｷ DIY ｷｯﾄ 施工 例 強度 天然 木 木材 ﾊｰﾄﾞ ｳｯﾄﾞ 組立 無垢 ﾉｰ ﾒﾝﾃﾅﾝｽ ｶﾞｰﾃﾞﾝﾆﾝｸﾞ 日本 備考 欄 調整 束 ﾀｲﾌﾟ
26,アマゾン 木,アマゾンジャラ イタウバ ウッドデッキ DIY キット 施工例 強度 ...,https://hemoglobe15.com/hsbc44c/fcfcc359863.htm,アマゾンジャラ イタウバ ウッドデッキ DIY キット 施工例 強度 天然木 木材 ハードウッド 組立 無垢 ノーメンテナンス ガーデンニング 日本製備考欄に調整束タイプと ...,27,ｱﾏｿﾞﾝ ｼﾞｬﾗ ｲﾀｳﾊﾞ ｳｯﾄﾞ ﾃﾞｯｷ DIY ｷｯﾄ 施工 例 強度 天然 木 木材 ﾊｰﾄﾞ ｳｯﾄﾞ 組立 無垢 ﾉｰ ﾒﾝﾃﾅﾝｽ ｶﾞｰﾃﾞﾝﾆﾝｸﾞ 日本 備考 欄 調整 束 ﾀｲﾌﾟ
27,アマゾン 木,ウッドデッキ材 アマゾンジャラ 90×90×1200mm 1本 【10.7kg ...,https://item.rakuten.co.jp/zakka-hows/ljjarrah-90x90x1200/,天然木なのに高耐久！ 腐らない ウッドデッキ材。ウッドデッキ材 アマゾンジャラ 90×90×1200mm 1本 【10.7kg】【送料別】【カット対応】 ウッドデッキ フェンス ...,28,天然 木 耐久 腐ら ｳｯﾄﾞ ﾃﾞｯｷ ｳｯﾄﾞ ﾃﾞｯｷ ｱﾏｿﾞﾝ ｼﾞｬﾗ 0 0 0 mm 0 0 0 kg 送料 別 ｶｯﾄ 対応 ｳｯﾄﾞ ﾃﾞｯｷ ﾌｪﾝｽ
28,アマゾン 木,ウッドデッキ材 アマゾンジャラ 90×90×1200mm 1本 【10.7kg ...,https://item.rakuten.co.jp/zakka-hows/ljjarrah-90x90x1200/,天然木なのに高耐久！ 腐らない ウッドデッキ材。ウッドデッキ材 アマゾンジャラ 90×90×1200mm 1本 【10.7kg】【送料別】【カット対応】 ウッドデッキ フェンス ...,29,天然 木 耐久 腐ら ｳｯﾄﾞ ﾃﾞｯｷ ｳｯﾄﾞ ﾃﾞｯｷ ｱﾏｿﾞﾝ ｼﾞｬﾗ 0 0 0 mm 0 0 0 kg 送料 別 ｶｯﾄ 対応 ｳｯﾄﾞ ﾃﾞｯｷ ﾌｪﾝｽ
29,アマゾン 木,2段ステップ（アマゾンジャラ/イタウバ） - ウッドデッキ,https://item.rakuten.co.jp/wood-deck/ko-step-h2a/,"アマゾンジャラ・イタウバの2段ステップ! シンプルデザインがどんなお庭にも ... ウッドデッキと木物屋(もくものや) 創業百余年・中川木材産業の楽天ショップです。¥39,600 · ‎In stock",30,ｱﾏｿﾞﾝｼﾞｬﾗ･ｲﾀｳﾊﾞ 0 段 ｽﾃｯﾌﾟ ﾃﾞｻﾞｲﾝ 庭 ｳｯﾄﾞ ﾃﾞｯｷ 木 物 もく もの 創業 百 年 中川 木材 産業 楽天 ｼｮｯﾌﾟ 0 0 In stock
30,アマゾン 木,ブログ：アマゾンの氾濫を生きる術、木の上にすむジャガーたち,https://www.reuters.com/article/jaguar-idJPKCN1HD13L,"Apr 6, 2018 — 4月5日、ブラジルにすむジャガーたちは、アマゾンの氾濫を耐えて生き延びるため、雨季は木の上で暮らしている。アマゾナス州で昨年6月 ...",31,Apr 0 0 0 月 0 ﾌﾞﾗｼﾞﾙ すむ ｼﾞｬｶﾞｰ ｱﾏｿﾞﾝ 氾濫 耐え 生き延びる ため 雨季 木 上 暮らし いる ｱﾏｿﾞﾅｽ 州 昨年 0 月
31,アマゾン 木,アマゾンの聖木樹液 コパイバ マリマリ 10ml 食品グレード,https://rakuwww.ocnk.net/product/3067,コパイバ（copaiba）は、南米ブラジル北西部のジャングル地帯、 アマゾン川の流域に自生するマメ科の樹木です。 成長すると30〜40mの高さに達し、5弁もしくは6弁の ...,32,ｺﾊﾟｲﾊﾞ copaiba 南米 ﾌﾞﾗｼﾞﾙ 北西 部 ｼﾞｬﾝｸﾞﾙ 地帯 ｱﾏｿﾞﾝ 川 流域 自生 する ﾏﾒ科 樹木 成長 する 0 0 m 高 達し 0 弁 0 弁
32,アマゾン 木,アマゾン密林、先住民が植樹していた？ - BBCニュース,https://www.bbc.com/japanese/39150071,"Mar 3, 2017 — 南米アマゾンの密林で、欧州から人々が到着する前に、先住民たちが膨大な数の木を植えていた可能性があることが、このほど発表された研究で明らかに ...",33,Mar 0 0 南米 ｱﾏｿﾞﾝ 密林 欧州 人々 到着 する 前 先住 膨大 数 木 植え い ある こと ほど 発表 さ 研究
33,アマゾン 木,アマゾンで、過去の記録を上回る高さ 88.5メートルの巨木が ...,https://karapaia.com/archives/52283390.html,"Oct 12, 2019 — 研究者たちは、来年も引き続きこの高い木の調査を行うことを明かし、この発見が環境保全における重要な役割を果たすと述べている。 広告 ...",34,Oct 0 0 研究 来年 引き続き 高い 木 調査 行う こと 明かし 発見 環境 保全 おけ 役割 果たす 述べ いる 広告
34,アマゾン 木,世界3周した旅人が体験したアマゾンの生活！ 人を食べる ...,https://www.huffingtonpost.jp/tabipponet/amazon-pirahna_b_11387476.html,"Aug 19, 2016 — アマゾンから見る星空の美しさはトップクラスでした。 ... ピラニアはこういった木が多く生えている場所に生息しているそうです。",35,Aug 0 0 ｱﾏｿﾞﾝ 見る 星空 美し ﾄｯﾌﾟ ｸﾗｽ ﾋﾟﾗﾆｱ いっ 木 多く 生え いる 場所 生息 し いる そう
35,アマゾン 木,違法伐採とその対策 - 森林・林業学習館,https://www.shinrin-ringyou.com/forest_world/ihou.php,国際的な木材需要の高まりを背景に違法伐採は相当量に上り、インドネシアでは伐採木材の73％が違法と推定されています。また、広大なアマゾンでは警察の目が行き届かない ...,36,国際 木材 需要 高まり 背景 違法 伐採 相当 量 上り ｲﾝﾄﾞﾈｼｱ 伐採 木材 0 % 違法 推定 さ い ｱﾏｿﾞﾝ 警察 目 行き届か
36,アマゾン 木,アマゾンクラブ - 伊勢佐木長者町/ダイニングバー - 食べログ,https://tabelog.com/kanagawa/A1401/A140104/14083612/,アマゾンクラブ/AMAZONCLUB (伊勢佐木長者町/ダイニングバー)の店舗情報は食べログでチェック！関内駅4分◇アンティーク家具に囲まれた異国情緒あふれる空間で、本場の ...,37,ｱﾏｿﾞﾝ ｸﾗﾌﾞ AMAZONCLUB 伊勢佐木 長者 町 ﾀﾞｲﾆﾝｸﾞ ﾊﾞｰ 店舗 情報 食べ ﾛｸﾞ ﾁｪｯｸ 関内 駅 0 分 ｱﾝﾃｨｰｸ 家具 囲ま 異国 情緒 あふれる 空間 本場
37,アマゾン 木,‪#‎アマゾンオリーブの木‬ - Explore | Facebook,https://www.facebook.com/hashtag/%E3%82%A2%E3%83%9E%E3%82%BE%E3%83%B3%E3%82%AA%E3%83%AA%E3%83%BC%E3%83%96%E3%81%AE%E6%9C%A8?__eep__=6&source=feed_text&epa=HASHTAG,"People are posting about this. #アマゾンオリーブの木. 観葉植物専門店 little fantasy is at リトルファンタジー. · -Ju----l-y--- --1-5--- · Kyoto, Japan ·.",38,People are posting about this ｱﾏｿﾞﾝ ｵﾘｰﾌﾞ 木 観葉 植物 専門 little fantasy is at ﾘﾄﾙ ﾌｧﾝﾀｼﾞｰ Ju l y 0 0 Kyoto Japan
38,アマゾン 木,【JAJAN】組合せ自由天然木すのこベッド【シュガー ...,https://www.pinterest.jp/pin/509258670365399422/,アマゾン配送商品は、通常配送無料（一部除く）。 ... Amazon｜【JAJAN】組合せ自由天然木すのこベッド【シュガー】コンパクトサイズベッド[耐荷重250kg][ジュニア用 ...,39,ｱﾏｿﾞﾝ 配送 商品 通常 配送 無料 一部 除く Amazon JAJAN 組合せ 自由 天然 木 すのこ ﾍﾞｯﾄﾞ ｼｭｶﾞｰ ｺﾝﾊﾟｸﾄ ｻｲｽﾞ ﾍﾞｯﾄﾞ 荷重 0 kg ｼﾞｭﾆｱ
39,アマゾン 木,アマゾンのジャングルのシュールなエキゾチックな木 - 123RF,https://jp.123rf.com/photo_15853771_%E3%82%A2%E3%83%9E%E3%82%BE%E3%83%B3%E3%81%AE%E3%82%B8%E3%83%A3%E3%83%B3%E3%82%B0%E3%83%AB%E3%81%AE%E3%82%B7%E3%83%A5%E3%83%BC%E3%83%AB%E3%81%AA%E3%82%A8%E3%82%AD%E3%82%BE%E3%83%81%E3%83%83%E3%82%AF%E3%81%AA%E6%9C%A8.html,アマゾンのジャングルのシュールなエキゾチックな木 の写真素材をダウンロード。低価格でご購入いただけます。 Image 15853771.,40,ｱﾏｿﾞﾝ ｼﾞｬﾝｸﾞﾙ ｼｭｰﾙ 木 写真 素材 ﾀﾞｳﾝﾛｰﾄﾞ 価格 購入 いただけ Image 0
40,アマゾン 木,アマゾンのジャングルのシュールなエキゾチックな木 - 123RF,https://jp.123rf.com/photo_15853771_%E3%82%A2%E3%83%9E%E3%82%BE%E3%83%B3%E3%81%AE%E3%82%B8%E3%83%A3%E3%83%B3%E3%82%B0%E3%83%AB%E3%81%AE%E3%82%B7%E3%83%A5%E3%83%BC%E3%83%AB%E3%81%AA%E3%82%A8%E3%82%AD%E3%82%BE%E3%83%81%E3%83%83%E3%82%AF%E3%81%AA%E6%9C%A8.html,アマゾンのジャングルのシュールなエキゾチックな木 の写真素材をダウンロード。低価格でご購入いただけます。 Image 15853771.,41,ｱﾏｿﾞﾝ ｼﾞｬﾝｸﾞﾙ ｼｭｰﾙ 木 写真 素材 ﾀﾞｳﾝﾛｰﾄﾞ 価格 購入 いただけ Image 0
41,アマゾン 木,写真素材 — アマゾンの木と自然植生 - 123RF,https://jp.123rf.com/photo_15626815_%E3%82%A2%E3%83%9E%E3%82%BE%E3%83%B3%E3%81%AE%E6%9C%A8%E3%81%A8%E8%87%AA%E7%84%B6%E6%A4%8D%E7%94%9F.html,アマゾンの木と自然植生 の写真素材をダウンロード。低価格でご購入いただけます。 Image 15626815.,42,ｱﾏｿﾞﾝ 木 自然 植生 写真 素材 ﾀﾞｳﾝﾛｰﾄﾞ 価格 購入 いただけ Image 0
42,アマゾン 木,アマゾン川浸水林の一本の木[25882004603] - アマナイメージズ,https://amanaimages.com/info/infoRF.aspx?SearchKey=25882004603,アマゾン川浸水林の一本の木(25882004603)の写真・イラスト素材は自然、風景、1本等が含まれる作品です。こちらの作品はTORU ENDOによる作品で2008年7月1日に撮影され ...,43,ｱﾏｿﾞﾝ 川 浸水 一 木 0 写真 ｲﾗｽﾄ 素材 自然 風景 0 含ま 作品 作品 TORU ENDO よる 作品 0 年 0 月 0 撮影 さ
43,アマゾン 木,"アマゾンジャングル, 木 ピクチャー | k16588574 | Fotosearch",https://www.fotosearch.jp/CSP995/k16588574/,"アマゾンジャングル, 木 ピクチャー - Fotosearch Enhanced. k16588574 フォトサーチでイメージ通りの素材を即ダウンロード！当社のサーチ・エンジンで、世界中の ...¥1,700 · ‎In stock",44,ｱﾏｿﾞﾝ ｼﾞｬﾝｸﾞﾙ 木 ﾋﾟｸﾁｬｰ Fotosearch Enhanced k 0 ﾌｫﾄ ｻｰﾁ ｲﾒｰｼﾞ 通り 素材 ﾀﾞｳﾝﾛｰﾄﾞ 当社 ｻｰﾁ ｴﾝｼﾞﾝ 世界 0 0 In stock
44,アマゾン 木,Amazon.co.jpご利用額の 30%キャッシュバック - JCBカード,https://www.jcb.co.jp/promotion/pop_nyukai/w_amcp/index.html,カード入会期間 2021年7月1日(木)～9月30日(木) □ご利用期間（Amazon.co.jp） カード入会翌々月 15日まで □MyJCBアプリ ログイン期限 カード入会翌々月 15日まで,45,ｶｰﾄﾞ 入会 期間 0 年 0 月 0 木 0 月 0 木 利用 期間 Amazon co jp ｶｰﾄﾞ 入会 月 0 MyJCB ｱﾌﾟﾘ ﾛｸﾞ ｲﾝ 期限 ｶｰﾄﾞ 入会 月 0
45,アマゾン 木,アマゾンの熱帯雨林で野生的な体験 エクアドル - Nikkei Style,https://style.nikkei.com/article/DGXMZO08856630X21C16A0000000/,"Nov 4, 2016 — 地元のガイドとロッジの自然観察員と一緒に、ヤスニ国立公園を歩いて巨大な木を見て回る（Photo：Courtesy of the La Selva Amazon Ecolodge ＆ Spa）.",46,Nov 0 0 地元 ｶﾞｲﾄﾞ ﾛｯｼﾞ 自然 観察 一緒 ﾔｽ ﾆ 国立 公園 歩い 木 見 回る Photo Courtesy of the La Selva Amazon Ecolodge Spa
46,アマゾン 木,第7回Amazon アカデミー「時代の転機を迎える日本社会,https://www.jiji.com/jc/article?k=000001344.000004612&g=prt,"Sep 8, 2021 — 9月16日（木）オンライン開催、第7回Amazon アカデミー「時代の転機を迎える日本社会、これからのキャリアと自分らしい働き方とは」.",47,Sep 0 0 0 月 0 木 ｵﾝ ﾗｲﾝ 開催 0 回 Amazon ｱｶﾃﾞﾐｰ 時代 転機 迎える 日本 社会 ｷｬﾘｱ 自分 働き
47,アマゾン 木,Amazon.co.jp（アマゾン） ｜セゾンポイントモール - 永久不滅,https://www.a-q-f.com/amazon,Amazon(アマゾン)の本やDVDの購入でもお得に永久不滅ポイントがたまります。 ... 倍率適応期間：2021年9月1日（水）～9月30日（木）. Amazon.co.jpは、,48,Amazon ｱﾏｿﾞﾝ 本 DVD 購入 得 永久 不滅 ﾎﾟｲﾝﾄ たまり 倍率 適応 期間 0 年 0 月 0 水 0 月 0 木 Amazon co jp
48,アマゾン 木,Amazon.co.jp｜JCBが運営するポイント優待サイト Oki Doki ...,https://www.okidokiland.com/odl/shop/index?shop_id=000013,2021年9月30日（木）まで） (※1) □ポイント付与対象カテゴリー(一部ポイント付与対象外商品もございます。) 『Amazonデバイス』 ： Oki Dokiポイント2倍,49,0 年 0 月 0 木 0 ﾎﾟｲﾝﾄ 付与 対象 ｶﾃｺﾞﾘｰ 一部 ﾎﾟｲﾝﾄ 付与 対象 商品 ござい Amazon ﾃﾞﾊﾞｲｽ Oki Doki ﾎﾟｲﾝﾄ 0 倍
49,アマゾン 木,［DJECO ジェコ］身長計 アマゾン - 木のおもちゃ 赤ちゃんの ...,https://www.eurobus.jp/?pid=41815380,木のおもちゃユーロバスの通販サイトです。 ... ［DJECO ジェコ］身長計 アマゾン ... 紙や木などの自然素材を用いた芸術作品の様なおもちゃは、何よりも楽しく、知育 ...,50,木 おもちゃ ﾕｰﾛ ﾊﾞｽ 通販 ｻｲﾄ DJECO ｼﾞｪｺ 身長 ｱﾏｿﾞﾝ 紙 木 自然 素材 用い 芸術 作品 おもちゃ 楽しく 知育
50,アマゾン 木,ウリンの1～3割引! 「アマゾンジャラ」 - ウッドデッキ材 ...,https://hard-wood.biz/feature/ulin-jarrah/,歴史が長く人気の高いウリン材・・・でも高い！ウリン材は、比重が高く高密度なため耐久性が高く、別名「アイアンウッド（鉄の木＝腐らない木）」と呼ばれ、欧米諸国 ...耐久性: シロアリやフナクイ虫などの虫害に強く、...価格: アマゾンジャラは安定供給が可能で価格が...,51,歴史 長く 人気 高い ｳﾘﾝ 高い ｳﾘﾝ 比重 高く 密度 ため 耐久 高く 別名 ｱｲｱﾝ ｳｯﾄﾞ 鉄 木 腐ら 木 呼ば 欧米 諸国 耐久 ｼﾛｱﾘ ﾌﾅｸｲ 虫 虫害 強く 価格 ｱﾏｿﾞﾝ ｼﾞｬﾗ 安定 供給 価格
51,アマゾン 木,スーパーフードアマゾン木の上に生えているアサイベリー,https://www.istockphoto.com/jp/%E3%82%B9%E3%83%88%E3%83%83%E3%82%AF%E3%83%95%E3%82%A9%E3%83%88/%E3%82%B9%E3%83%BC%E3%83%91%E3%83%BC%E3%83%95%E3%83%BC%E3%83%89%E3%82%A2%E3%83%9E%E3%82%BE%E3%83%B3%E6%9C%A8%E3%81%AE%E4%B8%8A%E3%81%AB%E7%94%9F%E3%81%88%E3%81%A6%E3%81%84%E3%82%8B%E3%82%A2%E3%82%B5%E3%82%A4%E3%83%99%E3%83%AA%E3%83%BC-gm1206602053-348050616,このスーパーフードアマゾン木の上に生えているアサイベリーフォトを今すぐダウンロードしましょう。さらに、他にも多数のロイヤリティフリーの写真素材が ...,52,ｽｰﾊﾟｰ ﾌｰﾄﾞ ｱﾏｿﾞﾝ 木 上 生え いる ｱｻｲﾍﾞﾘｰﾌｫﾄ 今 ﾀﾞｳﾝﾛｰﾄﾞ し 他 多数 ﾛｲﾔﾘﾃｨ ﾌﾘｰ 写真 素材
52,アマゾン 木,木の涙の歴史―アマゾンの天然ゴム,https://ir.ide.go.jp/?action=repository_action_common_download&item_id=30079&item_no=1&attribute_id=58&file_no=1,"ムのかたまりを持って遊んでいたといわれて 原産地であるアマゾン河上流はゴム景気に ... その方法は,始めに粘土で型 中のゴムの木を求めて殺到した。農園主たち.",53,かたまり 持っ 遊ん い いわ 原産 地 ある ｱﾏｿﾞﾝ 河 上流 ｺﾞﾑ 景気 方法 始め 粘土 型 ｺﾞﾑ 木 求め 殺到 し 農園 主
53,アマゾン 木,アマゾンオリーブの取木 その1 - YouTube,https://www.youtube.com/watch?v=gBQTMRCqJOQ,"アマゾンオリーブの取木 その1. 3,922 views3.9K views. Jul 6, 2014. 5. 2. Share. Save. 5 ...Jul 6, 2014",54,ｱﾏｿﾞﾝ ｵﾘｰﾌﾞ 取木 0 0 0 views 0 0 K views Jul 0 0 0 0 Share Save 0 Jul 0 0
54,アマゾン 木,アマゾン アンジェリーナ材 - リーベ,https://www.1128.jp/shopbrand/ct108/,ハードウッドのウッドデッキ材、人工木・樹脂デッキ、防腐注入デッキ材は、日本最大級のウッドデッキ・フェンス店舗です。 「高価なデッキは信頼信用のリーベ」「最低価格 ...,55,ﾊｰﾄﾞ ｳｯﾄﾞ ｳｯﾄﾞ ﾃﾞｯｷ 人工 木 樹脂 ﾃﾞｯｷ 防腐 注入 ﾃﾞｯｷ 日本 最大 ｳｯﾄﾞ ﾃﾞｯｷ ﾌｪﾝｽ 店舗 高価 ﾃﾞｯｷ 信頼 信用 ﾘｰﾍﾞ 最低 価格
55,アマゾン 木,なぜアマゾンの熱帯雨林は注目を集めているの？～南アメリカ州,https://www2.nhk.or.jp/school/movie/outline.cgi?das_id=D0005120457_00000,なぜアマゾンが注目されるのか「多様性」や「産業」などの「見方」をもとに探る。 ... 木を切ったあとは、森を焼き払い、牧場や農地を作りました。今やブラジルの牛の ...,56,ｱﾏｿﾞﾝ 注目 さ 産業 見 もと 探る 木 切っ あと 森 焼き払い 牧場 農地 作り 今 ﾌﾞﾗｼﾞﾙ 牛
56,アマゾン 木,アマゾン 熱帯雨林に 迫る危機 - JICA,https://www.jica.go.jp/publication/monthly/0802/pdf/05.pdf,地. 球. 温. 暖. 化. に. 対. す. る. 日. 本. の. 国. 際. 貢. 献. の. 大. き. な. 柱. の. 一. つ. に. な. る. と. 期. 待. さ. れ. る 。 F. S. サンパウロから内陸に.,57,地 球 温 暖 対 日 本 国 際 貢 大 柱 一 期 待 F S ｻﾝﾊﾟｳﾛ 内陸
57,アマゾン 木,アマゾン奥地に野生のゴムの木を訪ねて - J-Stage,https://www.jstage.jst.go.jp/article/gomu1944/69/10/69_10_687/_pdf,"by 幕内恵三 · 1996 · Cited by 1 — アマゾンの野生ゴム. 12. 天然ゴムラテックスの放射線加硫. 野生の天然ゴムの木(Hevea brasiliensis)は,. アマゾン河上流のソリモンエス河を小型船で4時 アマゾンに ...",58,by 幕内 恵三 0 Cited by 0 ｱﾏｿﾞﾝ 野生 ｺﾞﾑ 0 天然 ｺﾞﾑ ﾗﾃｯｸｽ 放射 加硫 野生 天然 ｺﾞﾑ 木 Hevea brasiliensis ｱﾏｿﾞﾝ 河 上流 ｿﾘﾓﾝｴｽ 河 小型 0 時 ｱﾏｿﾞﾝ
58,アマゾン 木,アマゾンが二酸化炭素の荒野に 温暖化拍車、気候の危機,https://www.asahi.com/articles/ASM9D24VJM9DUHBI003.html,"Sep 15, 2019 — 世界最大の熱帯雨林アマゾンの東部に位置する人口約10万人の ... 輸出できる木を違法伐採して販売②輸出できない木も伐採して地元で安く販売③木が ...",59,Sep 0 0 世界 最大 熱帯 雨林 ｱﾏｿﾞﾝ 東部 位置 する 人口 0 万 輸出 できる 木 違法 伐採 し 販売 ② 輸出 でき 木 伐採 し 地元 安く 販売 ③ 木
59,アマゾン 木,アマゾン川流域およびギニア高地における木本植物の進化と木 ...,https://kaken.nii.ac.jp/ja/grant/KAKENHI-PROJECT-15255016/,遺伝子資源の宝庫であるアマゾン川流域および植物が独自の進化を遂げてきたギニア高地における本植物(おもに被子植物)の木部形態形成に関し、材利用の観点から材質を ...,60,遺伝 資源 宝庫 ある ｱﾏｿﾞﾝ 川 流域 植物 進化 遂げ き ｷﾞﾆｱ 高地 おけ 植物 被子 植物 木部 形態 形成 関し 材 利用 観点 材質
60,アマゾン 木,Amazon Prime Video 2021年7月に楽しめる新着コンテンツ,https://www.aboutamazon.jp/news/entertainment/amazon-prime-video-new-content-to-enjoy-in-july-2021,2021年3月劇場公開された藤原竜也さんと竹内涼真さんが出演の『太陽は動かない』やAmazon Original 『トゥモロー・ウォー』、『ジュマンジ／ ... 2021年7月1日（木）.,61,0 年 0 月 劇場 公開 さ 藤原 竜也 竹内 涼 真 出演 太陽 動か Amazon Original ﾄｩﾓﾛｰ ｳｫｰ ｼﾞｭﾏﾝｼﾞ 0 年 0 月 0 木
61,アマゾン 木,Amazon Prime Video 2021年7月に楽しめる新着コンテンツ,https://www.aboutamazon.jp/news/entertainment/amazon-prime-video-new-content-to-enjoy-in-july-2021,2021年3月劇場公開された藤原竜也さんと竹内涼真さんが出演の『太陽は動かない』やAmazon Original 『トゥモロー・ウォー』、『ジュマンジ／ ... 2021年7月1日（木）.,62,0 年 0 月 劇場 公開 さ 藤原 竜也 竹内 涼 真 出演 太陽 動か Amazon Original ﾄｩﾓﾛｰ ｳｫｰ ｼﾞｭﾏﾝｼﾞ 0 年 0 月 0 木
62,アマゾン 木,Amazon Prime Video 2021年8月に楽しめる新着コンテンツ,https://www.aboutamazon.jp/news/entertainment/amazon-prime-video-new-content-august-2021,"Aug 1, 2021 — 2021年8月12日（木）. 『IT／イット THE END “それ”が見えたら、終わり。』 ＊独占配信. 2021年8月21日（土）. 『オール・マイ・ライフ』 ＊独占配信 ...",63,Aug 0 0 0 年 0 月 0 木 IT ｲｯﾄ THE END 見え 終わり 独占 配信 0 年 0 月 0 土 ｵｰﾙ ﾏｲ ﾗｲﾌ 独占 配信
63,アマゾン 木,セゾン・アメックス・キャッシュバック｜クレジットカード ...,https://www.saisoncard.co.jp/csmembers/amexoffers/cashback/,"ショップスモール®. SHOP SMALL® 9月9日（木）～11月3日（水・祝）、 期間中、出前館のご利用で20%キャッシュバック（合計3,000円まで）. 08.24-11.30. アマゾン.",64,ｼｮｯﾌﾟｽ ﾓｰﾙ SHOP SMALL 0 月 0 木 0 月 0 水 祝 期間 出前 利用 0 ｷｬｯｼｭ ﾊﾞｯｸ 合計 0 0 円 0 0 0 0 ｱﾏｿﾞﾝ
64,アマゾン 木,Prime Original『しろときいろ』公式サイト,http://shirotokiiro.jp/,... 柳沢慎吾（特別出演） 時任三郎 財前直見総監督：本木克英 脚本総監修：岡田惠 ... Amazon Prime Video JP - アマゾンプライムビデオ ... Amazonプライム・ビデオ.,65,柳沢 慎吾 出演 時任 三郎 財前 直見 監督 本木 克 英 脚本 監修 岡田 惠 Amazon Prime Video JP ｱﾏ ｿﾞﾝﾌﾟﾗｲﾑﾋﾞﾃﾞｵ Amazon ﾌﾟﾗｲﾑ ﾋﾞﾃﾞｵ
65,アマゾン 木,AMAZON CLUB アマゾンクラブ - 関内 - ホットペッパーグルメ,https://www.hotpepper.jp/strJ001275078/,"Jul 11, 2021 — 店名, AMAZON CLUB アマゾンクラブ. 住所. 神奈川県横浜市中区万代町2-4-1 東カンパークサイド201. アクセス, 横浜市営地下鉄ブルーライン伊勢佐木 ...ネット予約受付時間: リクエスト予約 来店日の前...営業時間: 月～金、祝日、祝前日: 18:00～23:00 ...お問い合わせ時間: このお店は営業時間外でもネ...ネット予約のポイント利用 利用方法はこちら: 利用...",66,Jul 0 0 店名 AMAZON CLUB ｱﾏｿﾞﾝ ｸﾗﾌﾞ 住所 神奈川 県 横浜 市中 区 万 代 町 0 0 0 東 ｶﾝ ﾊﾟｰｸ ｻｲﾄﾞ 0 ｱｸｾｽ 横浜 市営 地下 ﾌﾞﾙｰ ﾗｲﾝ 伊勢佐木 ﾈｯﾄ 予約 受付 時間 ﾘｸｴｽﾄ 予約 来店 日 前 営業 時間 月 金 祝日 祝 前日 0 0 0 0 問い合わせ 時間 店 営業 時間 ﾈｯﾄ 予約 ﾎﾟｲﾝﾄ 利用 利用 方法 利用
66,アマゾン 木,第 146回 アマゾンの森を残すためにできることは？ - EICネット,https://www.eic.or.jp/library/pickup/146/,"May 29, 2008 — アマゾン熱帯雨林について 南米の赤道直下を流れるアマゾン川流域に広がる森林 ... そしてそのどれにも該当しない、まばらに木が生えた荒廃地がとても ...",67,May 0 0 ｱﾏｿﾞﾝ 熱帯 雨林 つい 南米 赤道 直下 流れる ｱﾏｿﾞﾝ 川 流域 広がる 森林 該当 し 木 生え 荒廃 地
67,アマゾン 木,未曽有のアマゾン森林火災、動物への影響は - ナショナルジオ ...,https://natgeo.nikkeibp.co.jp/atcl/news/19/082700493/,"Aug 28, 2019 — 地球上の生物種の10%が生息する南米アマゾンで、大規模な森林火災が継続し ... 例えば、米国西部原産のセグロミユビゲラは、焼け跡の木にしか巣を作ら ...",68,Aug 0 0 地球 生物 種 0 生息 する 南米 ｱﾏｿﾞﾝ 規模 森林 火災 継続 し 米国 西部 原産 ｾｸﾞﾛﾐﾕﾋﾞｹﾞﾗ 焼け跡 木 巣 作ら
68,アマゾン 木,熱帯雨林の植物一覧！ブロメリアからマホガニーまで25選！,https://world-note.com/plants-rain-forests/,世界中にある熱帯雨林には膨大な数の植物が生育しており、例えばアマゾンの熱帯雨林一 ... ブラジルロウヤシと呼ばれるブラジルの熱帯雨林に生息するヤシの木は、その ...,69,世界 ある 熱帯 雨林 膨大 数 植物 生育 し おり ｱﾏｿﾞﾝ 熱帯 雨林 一 ﾌﾞﾗｼﾞﾙ ﾛｳ ﾔｼ 呼ば ﾌﾞﾗｼﾞﾙ 熱帯 雨林 生息 する ﾔｼ 木
69,アマゾン 木,アマゾンCMひのき枕|森林生活|岐阜県の高級まくら ... - EB-LOG |,https://109logo.jp/amazon_hinoki/,7 days ago — 「見つけて欲しい日本があります」というコンセプトでamazonは日本の中小企業の想いのつまった商品を紹介しています。 ヒノキの木を栽培して細かく ...,70,0 days ago 見つけ 欲しい 日本 あり いう ｺﾝｾﾌﾟﾄ amazon 日本 企業 想い つまっ 商品 紹介 し い ﾋﾉｷ 木 栽培 し 細かく
70,アマゾン 木,こびつ 木の箱(がっちりマンデー)ご飯 COBITSU クラウド ...,https://www.acadianawakenings.com/kobitsu/,"May 23, 2021 — お取り寄せ通販は？楽天アマゾン(2021年5月23日). 2021年5月23日.",71,May 0 0 取り寄せ 通販 楽天 ｱﾏｿﾞﾝ 0 年 0 月 0 0 年 0 月 0
71,アマゾン 木,希少な品種アマゾンオリーブ！育て方とインテリアにおすすめ ...,https://hitohana.tokyo/note/5167,ここでは、レアな品種ながら育て方が難しくないおすすめの観葉植物、アマゾン ... アマゾンオリーブは挿し木もできますが、取り木という方法で増やすこともできます。,72,ﾚｱ 品種 育て 難しく ない すすめ 観葉 植物 ｱﾏｿﾞﾝ ｱﾏｿﾞﾝ ｵﾘｰﾌﾞ 挿し木 でき 取り木 いう 方法 増やす こと でき
72,アマゾン 木,リレー・エコ連載：第6回：アマゾンで木を植える 後編,http://murmurmagazine.com/eco/06.html,"Oct 3, 2008 — 第6回:アマゾンで木を植える 後編. アマゾンは、地球の肺. みなさんが知っている川は、必ず対岸が見えると思うのですが、アマゾン河の河口の幅 ...",73,Oct 0 0 0 回 ｱﾏｿﾞﾝ 木 植える 後編 ｱﾏｿﾞﾝ 地球 肺 みな 知っ いる 川 対岸 見える 思う ｱﾏｿﾞﾝ 河 河口 幅
73,アマゾン 木,アマゾンジャラ 板材 30×150×2400 (メーカー: IST) - タイル ...,https://www.tilelife.co.jp/item/wooddeck/amazonjarrah/15914/,タイルライフは、アマゾンジャラ 板材 30×150×2400 (メーカー: IST)の在庫確認や ... ウッドデッキ 天然木(板材) ... アマゾンジャラ ウッドデッキ 30×150×2400mm,74,ﾀｲﾙ ﾗｲﾌ ｱﾏｿﾞﾝ ｼﾞｬﾗ 板材 0 0 0 ﾒｰｶｰ IST 在庫 確認 ｳｯﾄﾞ ﾃﾞｯｷ 天然 木 板材 ｱﾏｿﾞﾝ ｼﾞｬﾗ ｳｯﾄﾞ ﾃﾞｯｷ 0 0 0 mm
74,アマゾン 木,Amazon Prime Video、『ジョーカー』など7月配信作品発表。,https://www.phileweb.com/news/d-av/202106/23/53035.html,"Jun 23, 2021 — 7月の新着予定コンテンツは下記のとおり。 □邦画 2021年7月1日（木） ・『Fukushima 50』 ＊独占配信・『男はつらいよ ...",75,Jun 0 0 0 月 新着 予定 ｺﾝﾃﾝﾂ 下記 とおり 邦画 0 年 0 月 0 木 Fukushima 0 独占 配信 男 つらい
75,アマゾン 木,コパイバマリマリ ビワミンショップ大森,https://biwamin.com/?mode=f8,コパイバの木 アマゾンの流域には膨大な数の植物種を有し、また薬用植物の宝庫として有名です。その限りない植物の中に、高木コパイフェラという数十種類のマメ科樹木 ...,76,ｺﾊﾟｲﾊﾞ 木 ｱﾏｿﾞﾝ 流域 膨大 数 植物 種 有し 薬用 植物 宝庫 し 限りない 植物 中 高木 ｺﾊﾟｲﾌｪﾗ いう 数十 種類 ﾏﾒ科 樹木
76,アマゾン 木,弓矢とスマホ、アマゾンの先住民・テンベ族の知られざる生活,https://newsphere.jp/sustainability/20191014-1/,"Oct 14, 2019 — 彼らは弓矢で狩りをし、ピラニアを獲り、野生植物を収集する一方で、テレビのメロドラマを楽しみ、わらぶき屋根の小屋の中で携帯電話のインターネット ...",77,Oct 0 0 弓矢 狩り し ﾋﾟﾗﾆｱ 獲り 野生 植物 収集 する 一方 ﾃﾚﾋﾞ ﾒﾛﾄﾞﾗﾏ 楽しみ わらぶき 屋根 小屋 中 携帯 電話 ｲﾝﾀｰﾈｯﾄ
77,アマゾン 木,（木）より、池袋パルコにて「マクロスΔの世界展」開催決定！,https://sp.macross.jp/news/?id=471,"Dec 21, 2016 — 「マクロスΔ」の世界観を、数々の資料などで体感できる「マクロスΔ」初の展覧会の開催が、池袋パルコ･パルコミュージアムにて決定しました。",78,Dec 0 0 ﾏｸﾛｽ 世界 数々 資料 体感 できる ﾏｸﾛｽ 初 展覧 会 開催 池袋 ﾊﾟﾙｺ ﾊﾟﾙｺ ﾐｭｰｼﾞｱﾑ 決定 し
78,アマゾン 木,Amazonの写真：熱帯雨林を支配する木 - 2021 | 地球,https://ja.wordssidekick.com/15823-amazon-photos-trees-that-dominate-rain-forest,アマゾンの熱帯雨林は、地球上で最も多様な場所の1つであり、数千本の木を含む未知数千種の種が生息しています。今まで、科学者はどの木が森林を支配していたか、 ...,79,ｱﾏｿﾞﾝ 熱帯 雨林 地球 場所 0 あり 数千 木 含む 未知 数 千種 種 生息 し い 今 科学 木 森林 支配 し い
79,アマゾン 木,アマゾンオリーブの育て方！初心者向けに室内での手入れの ...,https://botanica-media.jp/15,"Jul 17, 2020 — 実はアマゾンオリーブの木は日本ではまだ流通し始めたばかりの観葉植物です。落葉が少なく、冬越しも簡単な室内インテリアに適した植物で、うねりながら ...",80,Jul 0 0 実 ｱﾏｿﾞﾝ ｵﾘｰﾌﾞ 木 日本 流通 し 始め 観葉 植物 落葉 少なく 冬越し 室内 ｲﾝﾃﾘｱ 適し 植物 うねり
80,アマゾン 木,ONAIR | TVアニメ「ホリミヤ」公式サイト,https://horimiya-anime.com/onair/,リピート放送：毎週（木）9:30／毎週（月）15:30. NBC長崎放送 ... 24:30～. Amazon Prime Video（見放題・レンタル）. 2021年1月14日. （木）. 25:00～.,81,ﾘﾋﾟｰﾄ 放送 毎週 木 0 0 毎週 月 0 0 NBC 長崎 放送 0 0 Amazon Prime Video 見 放題 ﾚﾝﾀﾙ 0 年 0 月 0 木 0 0
81,アマゾン 木,正広作 15422 最上 柳刃 330mm：木らく部 【代引不可】,https://ueprim.edu.ec/thesaurusde56d/bbba1067918.htm,2 days ago — 正広作 15422 最上 柳刃 330mm：木らく部 【代引不可】 ... 欠陥品に返品、大量廃棄…マーケットプレイスの商品問題噴出で、アマゾンの方針転換とは？,82,0 days ago 正広 0 最上 0 mm 木 らく 部 代引 不可 欠陥 返品 大量 廃棄 ﾏｰｹｯﾄ ﾌﾟﾚｲｽ 商品 問題 噴出 ｱﾏｿﾞﾝ 方針 転換
82,アマゾン 木,マニルカラ(アマゾンジャラ) | ウッドデッキ材専門店 サニー ...,https://www.sunnywood.jp/products/list.php?category_id=39,"サイズ(mm) × 長さ(mm)重量 (kg)単価20 × 105 × 1,200mm2.586020 × 105 × 1,500mm3.21,08020 × 105 × 1,800mm3.81,620View 119 more rows",83,ｻｲｽﾞ mm 長 mm 重量 kg 単価 0 0 0 0 mm 0 0 0 0 0 mm 0 0 0 0 0 0 mm 0 0 0 View 0 more rows
83,アマゾン 木,アマゾンの香木ローズウッド - 生活の木,https://www.treeoflife.co.jp/library/partnerfarm/herbtravel/vol10.html,"Jun 27, 2017 — バラに似た香りを持つ人気の精油「ローズウッド」は、そんなアマゾンの ... 見つけた木に印をつけ、それらの位置をもとに伐採計画書を国に申請し、 ...",84,Jun 0 0 ﾊﾞﾗ 似 香り 持つ 人気 精油 ﾛｰｽﾞｳｯﾄﾞ ｱﾏｿﾞﾝ 見つけ 木 印 つけ 位置 もと 伐採 計画 国 申請 し
84,アマゾン 木,“超強力両面テープ”は本当に便利？ 実力を確かめてみた！,https://kakakumag.com/houseware/?id=16052,"Oct 20, 2020 — Amazonの「作業用両面テープ」カテゴリーで1位の「魔法テープ」を使ってみました ... 使用シーンが多そうな、リビングの壁（凸凹あり）、木の壁（加工 ...",85,Oct 0 0 Amazon 作業 両面 ﾃｰﾌﾟ ｶﾃｺﾞﾘｰ 0 魔法 ﾃｰﾌﾟ 使っ み 使用 ｼｰﾝ 多 ﾘﾋﾞﾝｸﾞ 壁 凸凹 あり 木 壁 加工
85,アマゾン 木,木固めエース普及会｜オンラインショップ,https://kigatame.com/,木固めエースの公式通販サイト。木の器、カトラリー、針葉樹に適した浸透型のウレタン塗料を販売。,86,木 固め ｴｰｽ 公式 通販 ｻｲﾄ 木 器 ｶﾄﾗﾘｰ 針葉 適し 浸透 ｳﾚﾀﾝ 塗料 販売
86,アマゾン 木,天然聖木樹液オイル「コパイバ マリマリ」販売中   | PRHYTHM,https://www.prhythm.org/news/copaiba.html,"Jul 10, 2020 — コパイバ マリマリとは？ コパイバ（copaiba）は、南米ブラジル北西部のジャングル地帯、アマゾン川の流域に自生するマメ科の樹木です。成長すると ...",87,Jul 0 0 ｺﾊﾟｲﾊﾞ ﾏﾘﾏﾘ ｺﾊﾟｲﾊﾞ copaiba 南米 ﾌﾞﾗｼﾞﾙ 北西 部 ｼﾞｬﾝｸﾞﾙ 地帯 ｱﾏｿﾞﾝ 川 流域 自生 する ﾏﾒ科 樹木 成長 する
87,アマゾン 木,稲本正さんのアマゾン木工紀行（03.04.13）,https://www.bayfm.co.jp/flint/20030413.html,"Apr 13, 2003 — 今週は、オークヴィレッジの代表、作家そして木工芸家の、稲本正さんをお迎えし、発展途上国で森の再生・保護に努める地元の人々の支援を目的とした、 ...",88,Apr 0 0 今週 ｵｰｸ ｳﾞｨﾚｯｼﾞ 代表 作家 木 工芸 稲本 正 迎え し 発展 途上 森 再生 保護 努める 地元 人々 支援 目的 し
88,アマゾン 木,アマゾンには木の実を食べる魚がいる 驚きの生態 ... - mm参考書,https://mmsankosho.com/short-fruits-fish-amazon/,"Sep 1, 2020 — アマゾン川に住んでいる魚でさえ森の木から落ちてくる果物に頼っている。反対に、果樹はその果物を食べるそれらの動物に依存しており、動物が果物を ...",89,Sep 0 0 ｱﾏｿﾞﾝ 川 住ん いる 魚 森 木 落ち くる 果物 頼っ いる 反対 果樹 果物 食べる 動物 依存 し おり 動物 果物
89,アマゾン 木,マサランドゥーバ材（マニルカラ材・アマゾンジャラ材）,https://www.wood-deck.net/shop/user_data/macaranduba.php,ハードウッドブームはジャラが元々火付け役。 そのジャラに酷似した材ですので木の名前であるマサランドゥーバよりも「アマゾンジャラ」という別称の方がいつの間にか一人 ...材色: 赤褐色比重: 1.1,90,ﾊｰﾄﾞ ｳｯﾄﾞ ﾌﾞｰﾑ ｼﾞｬﾗ 火付け 役 ｼﾞｬﾗ 酷似 し 材 木 名前 ある ﾏｻﾗﾝﾄﾞｩｰﾊﾞ ｱﾏｿﾞﾝ ｼﾞｬﾗ いう 別称 方 間 一人 材色 赤褐 比重 0 0
90,アマゾン 木,Amazonギフト券の使い方まとめ 格安購入法、有効期限,https://mag.app-liv.jp/archive/85058/,"May 19, 2021 — ゆーき. 贈答用はもちろん自分用としても使えるAmazonギフト券（アマゾンギフトカード）。使い方をしっかり把握すれば、 商品をいつもより安く購入 ...",91,May 0 0 ゆｰ 贈答 自分 し 使える Amazon ｷﾞﾌﾄ 券 ｱﾏｿﾞﾝ ｷﾞﾌﾄ ｶｰﾄﾞ 使い 把握 すれ 商品 安く 購入
91,アマゾン 木,アマゾンネクサス材とは - ガーデンハーツ株式会社｜横浜の ...,https://garden-h.net/amazon,「アマゾンネクサス」は南米ブラジルはアマゾンの奥地、違法業者が踏み込めないエリアより、弊社の審査基準をクリアした厳選のハードウッド（イタウバ種）だけに名付け ...,92,ｱﾏｿﾞﾝ ﾈｸｻｽ 南米 ﾌﾞﾗｼﾞﾙ ｱﾏｿﾞﾝ 奥地 違法 踏み込め ｴﾘｱ 弊社 審査 基準 ｸﾘｱ し 厳選 ﾊｰﾄﾞ ｳｯﾄﾞ ｲﾀ ｳﾊﾞ 種 名付け
92,アマゾン 木,amazonの木登り靴 - ちょっとおっさんのブログ,https://izayoshi.blog.fc2.com/blog-entry-1949.html,"Aug 3, 2019 — amazonで購入した、激安の木登り靴。 足につける練習をしたら、ベルトがプッツン。",93,Aug 0 0 amazon 購入 し 激安 木登り 靴 足 つける 練習 し ﾍﾞﾙﾄ
93,アマゾン 木,「カワスイ 川崎水族館」の楽しみ方｜@DIME アットダイム,https://dime.jp/genre/954610/,"Jul 25, 2020 — 商業施設内に南米アマゾンのジャングル出現⁉︎ ... ブラジルの魔除けやお守りとされるカハンカの木像と滝があるアマゾンデッキでは、カピバラへの ...",94,Jul 0 0 商業 施設 南米 ｱﾏｿﾞﾝ ｼﾞｬﾝｸﾞﾙ 出現 ﾌﾞﾗｼﾞﾙ 魔除け 守り さ ｶﾊﾝｶ 木像 滝 ある ｱﾏｿﾞﾝ ﾃﾞｯｷ ｶﾋﾟﾊﾞﾗ
94,アマゾン 木,AWS Business Innovation Seminar | アマゾン ウェブサービス ...,https://toyokeizai.net/sp/sm/awsbis202134/index.html,アマゾン ウェブ サービス ジャパン株式会社のウェブサイトに移動します。よろしければボタンをクリックしてください。 〈 プログラム 〉. 4月8日（木）15：00〜17：00.,95,ｱﾏｿﾞﾝ ｳｪﾌﾞ ｻｰﾋﾞｽ ｼﾞｬﾊﾟﾝ 株式 会社 ｳｪﾌﾞｻｲﾄ 移動 し よろしけれ ﾎﾞﾀﾝ ｸﾘｯｸ し ください ﾌﾟﾛｸﾞﾗﾑ 0 月 0 木 0 0 0 0
95,アマゾン 木,"犬木加奈子 on Twitter: ""アマゾンプライムとか佐川急便の ...",https://twitter.com/inukikanako1121/status/1390594518819381251,"May 7, 2021 — アマゾンプライムとか佐川急便の怪しいメールと家電に買ってもいない布団の調子を聞いてくる。 今日1日でこんな事がつづく私狙われてる ...",96,May 0 0 ｱﾏｿﾞﾝ ﾌﾟﾗｲﾑ 佐川 急便 怪しい ﾒｰﾙ 家電 買っ い 布団 調子 聞い くる 今日 0 事 つづく 狙わ
96,アマゾン 木,アマゾンの先住民を撮り続けた男が語った「あの日」 - イー ...,https://www.e-aidem.com/ch/jimocoro/entry/galaxy015,"Aug 4, 2016 — 先住民族「ヤノマミ」、金を掘る無法者「ガリンペイロ」、そして未開の地に住む謎の部族「イゾラド」。彼らに密着して取材を敢行したディレクター・ ...",97,Aug 0 0 先住 民族 ﾔﾉ ﾏﾐ 金 掘る 無法 ｶﾞﾘﾝﾍﾟｲﾛ 未開 地 住む 謎 部族 ｲｿﾞﾗﾄﾞ 密着 し 取材 敢行 し ﾃﾞｨﾚｸﾀｰ
97,アマゾン 木,アマゾンの大自然を体感！ | カワスイ 川崎水族館,https://kawa-sui.com/events/18,"Jan 12, 2021 — 【お知らせ】6/23(水)24(木)メンテナンス作業に伴う演出休止について展示スペースのメンテナンス作業実施に伴い、アマゾンゾーンの演出（スコール、 ...",98,Jan 0 0 知らせ 0 0 水 0 木 ﾒﾝﾃﾅﾝｽ 作業 伴う 演出 休止 つい 展示 ｽﾍﾟｰｽ ﾒﾝﾃﾅﾝｽ 作業 実施 伴い ｱﾏｿﾞﾝ ｿﾞｰﾝ 演出 ｽｺｰﾙ
98,アマゾン 木,「アマゾンは地球のヴァギナである」ブラジル先住民の若き ...,https://courrier.jp/news/archives/210796/,"Sep 1, 2020 — この2人が対談を行い、Vがブラジルの生物多様性と先住民族に何が起きているのか、なぜ女性が変革の鍵を握っているのかをシェクリアバに聞いた。 木が切 ...",99,Sep 0 0 0 対談 行い V ﾌﾞﾗｼﾞﾙ 生物 先住 民族 起き いる 女性 変革 鍵 握っ いる ｼｪ ｸﾘ ｱﾊﾞ 聞い 木
99,アマゾン 木,インタビュー記事：環境省 - 巨樹・巨木林データベース,https://kyoju.biodic.go.jp/?_action=gtcontents&_command=interview009,"Dec 25, 2020 — アマゾンの木というか、巨樹の特徴って何かというと、皆さんが想像しているものと実は違うかもしれません。皆さんはアマゾンというと、緑が連なる豊かな ...",100,Dec 0 0 ｱﾏｿﾞﾝ 木 いう 巨樹 特徴 いう 皆 想像 し いる もの 実 違う しれ 皆 ｱﾏｿﾞﾝ いう 緑 連なる
100,アマゾン 木,ONAIR｜TVアニメ「約束のネバーランド」Season 2,https://neverland-anime.com/onair/,Amazon Prime Videoにて見放題独占配信. 第1話: 1月6日24:00頃より先行配信 ... 【3/25(木)放送 第11話】26:05～(最大20分繰り下がる可能性あり). 関西テレビ. 1月7日.,101,Amazon Prime Video 見 放題 独占 配信 0 話 0 月 0 0 0 頃 先行 配信 0 0 木 放送 0 話 0 0 最大 0 分 繰り下がる あり 関西 ﾃﾚﾋﾞ 0 月 0
101,アマゾン 木,アマゾンの巨魚釣り - Page 85 - Google Books Result,https://books.google.com/books?id=lP_hLBaWOooC&pg=PA85&lpg=PA85&dq=%E3%82%A2%E3%83%9E%E3%82%BE%E3%83%B3+%E6%9C%A8&source=bl&ots=Sqm1rW-L4t&sig=ACfU3U3B9TwoUgV2FuI8NkCENSrsLRu7vw&hl=en&sa=X&ved=2ahUKEwjSsZmuqIjzAhUElGoFHXZSCVUQ6AF6BQi3AhAD,醍醐麻沙夫 · 1997それ以後はアマゾンの森の木が少しずつ成長をはじめ、鬱蒼たる森のクライマックスを形成し動物たちが棲むころには、オイラネイラの姿は島のどこにも見当たらなくなる ...,102,醍醐 麻 夫 0 以後 ｱﾏｿﾞﾝ 森 木 成長 はじめ 森 ｸﾗｲﾏｯｸｽ 形成 し 動物 棲む ころ ｵｲﾗﾈｲﾗ 姿 島 見当たら なる
102,アマゾン 木,クリックポスト｜日本郵便,https://clickpost.jp/,JAPAN ID、Amazonアカウントでご利用いただけます。 ※Yahoo! JAPAN IDでログインした場合、運賃はYahoo!ウォレット（クレジットカード払）によりお支払いいただきます ...,103,JAPAN ID Amazon ｱｶｳﾝﾄ 利用 いただけ Yahoo JAPAN ID ﾛｸﾞ ｲﾝ し 場合 運賃 Yahoo ｳｫﾚｯﾄ ｸﾚｼﾞｯﾄ ｶｰﾄﾞ 払 より 支払い いただき
