,keyword,site_name,snnipet,URL,ranking,target
0,ファッション,WEAR: ファッションコーディネート,WEAR（ウェア）は日本最大級のファッションコーディネートサイトです。モデルや俳優、ショップスタッフの着こなし1000万枚以上の中からコーデを探せます。気にいったアイテムはそのまま購入も！,"=HYPERLINK(""https://wear.jp/"")",1,WEAR ｳｪｱ 日本 最大 ﾌｧｯｼｮﾝ ｺｰﾃﾞｨﾈｰﾄ ｻｲﾄ ﾓﾃﾞﾙ 俳優 ｼｮｯﾌﾟ ｽﾀｯﾌ 着こなし 0 万 以上 中 ｺｰﾃﾞ 探せ 気 いっ ｱｲﾃﾑ まま 購入
2,ファッション,ファッションまとめ（レディース） - ZOZOTOWN,人気キュレーションメディアの最新ファッション情報（レディース）を集めました！今話題のファッションやトレンド情報をご覧いただけます。ZOZOTOWNは8444ブランドのアイテムを公式に取扱うファッション通販サイトです。,"=HYPERLINK(""https://zozo.jp/fashionnews/?sex=women"")",3,人気 ｷｭﾚｰｼｮﾝﾒﾃﾞｨｱ 最新 ﾌｧｯｼｮﾝ 情報 ﾚﾃﾞｨｰｽ 集め 話題 ﾌｧｯｼｮﾝ ﾄﾚﾝﾄﾞ 情報 ご覧 いただけ ZOZOTOWN 0 ﾌﾞﾗﾝﾄﾞ ｱｲﾃﾑ 公式 取扱う ﾌｧｯｼｮﾝ 通販 ｻｲﾄ
3,ファッション,ファッション通販ZOZOTOWN,ZOZOTOWNは8441ブランドのアイテムを公式に取扱うファッション通販サイトです。「ツケ払い」ならお支払は2ヶ月後！即日配送（一部地域）で最短翌日お届け。今なら割引クーポンを対象ショップ限定でご利用いただけます。秋冬アイテムぞくぞく入荷！,"=HYPERLINK(""https://zozo.jp/"")",4,ZOZOTOWN 0 ﾌﾞﾗﾝﾄﾞ ｱｲﾃﾑ 公式 取扱う ﾌｧｯｼｮﾝ 通販 ｻｲﾄ ﾂｹ 払い 支払 0 ヶ月 即日 配送 一部 地域 最短 翌日 届け 今 割引 ｸｰﾎﾟﾝ 対象 ｼｮｯﾌﾟ 限定 利用 いただけ 秋冬 ｱｲﾃﾑ 入荷
4,ファッション,ファッション - Wikipedia,ファッション（英: fashion、英語発音: [ˈfæʃən] ファシャン。仏: mode、フランス語発音: [mɔd] モッド）とは、ある時点において広く行われているスタイルや風習のことである。特に、人々の間で流行している服装を指すが、装いに関係する装身具、美容（ ...,"=HYPERLINK(""https://ja.wikipedia.org/wiki/%E3%83%95%E3%82%A1%E3%83%83%E3%82%B7%E3%83%A7%E3%83%B3"")",5,ﾌｧｯｼｮﾝ 英 fashion 英語 発音 fæ n ﾌｧｼｬﾝ 仏 mode ﾌﾗﾝｽ 語 発音 m d ﾓｯﾄﾞ 時点 おい 広く 行わ いる ｽﾀｲﾙ 風習 こと ある 人々 間 流行 し いる 服装 指す 装い 関係 する 装身 具 美容
5,ファッション,ファッション通販SHOPLIST（ショップリスト ...,ファッション通販SHOPLIST（ショップリスト） レディースからメンズ・キッズまで、多様なジャンルのファストファッションアイテムがまとめて買えるショッピングサイト。,"=HYPERLINK(""https://shop-list.com/"")",6,ﾌｧｯｼｮﾝ 通販 SHOPLIST ｼｮｯﾌﾟ ﾘｽﾄ ﾚﾃﾞｨｰｽ ﾒﾝｽﾞ ｷｯｽﾞ ｼﾞｬﾝﾙ ﾌｧｽﾄ ﾌｧｯｼｮﾝ ｱｲﾃﾑ まとめ 買える ｼｮｯﾋﾟﾝｸﾞ ｻｲﾄ
6,ファッション,ファッション通販 FASHION WALKER,人気ブランドのアイテムが続々入荷中!!ファッションウォーカーは2200以上の人気ブランドを公式に取り扱うファッション通販サイトです。即日出荷・サイズ交換・返品可.,"=HYPERLINK(""https://fashionwalker.com/"")",7,人気 ﾌﾞﾗﾝﾄﾞ ｱｲﾃﾑ 入荷 ﾌｧｯｼｮﾝ ｳｫｰｶｰ 0 以上 人気 ﾌﾞﾗﾝﾄﾞ 公式 取り扱う ﾌｧｯｼｮﾝ 通販 ｻｲﾄ 即日 出荷 ｻｲｽﾞ 交換 返品 可
7,ファッション,レディースファッションの通販｜ベルメゾンネット,【5000円（税込）以上送料無料】レディースファッションの通販ならベルメゾン。人気のレディースファッションを豊富に取り揃え。ベルメゾンのレディースファッションはおしゃれでサイズ多数！コート、ワンピース、パンツ、スカート、セール商品など品 ...,"=HYPERLINK(""https://www.bellemaison.jp/ep/srvlt/EPFB00/EPFB0002/dMidCatLstShow?BELN_SHOP_KBN=100&DAI_CATEGORY_ID=1"")",8,0 円 税込 以上 送料 無料 ﾚﾃﾞｨｰｽ ﾌｧｯｼｮﾝ 通販 ﾍﾞﾙ ﾒｿﾞﾝ 人気 ﾚﾃﾞｨｰｽ ﾌｧｯｼｮﾝ 取り揃え ﾍﾞﾙ ﾒｿﾞﾝ ﾚﾃﾞｨｰｽ ﾌｧｯｼｮﾝ おしゃれ ｻｲｽﾞ 多数 ｺｰﾄ ﾜﾝ ﾋﾟｰｽ ﾊﾟﾝﾂ ｽｶｰﾄ ｾｰﾙ 商品 品
8,ファッション,GRL グレイル 公式 | レディースファッション通販のグレイル ...,流行のアイテムが何でも手に入る日本最大級のファストファッション通販サイト。GRL グレイルはレディースファッション洋服通販サイトです。,"=HYPERLINK(""https://www.grail.bz/"")",9,流行 ｱｲﾃﾑ 手 入る 日本 最大 ﾌｧｽﾄ ﾌｧｯｼｮﾝ 通販 ｻｲﾄ GRL ｸﾞﾚｲﾙ ﾚﾃﾞｨｰｽ ﾌｧｯｼｮﾝ 洋服 通販 ｻｲﾄ
9,ファッション,ニュース(2) - ファッションプレス,ファッションプレスは、最新ファッションニュースや新作コレクション、ファッションショーのレポート等をスピーディに配信[2ページ目]。ファッション以外にもライフスタイルやビューティ、アート等のニュースも掲載しています。,"=HYPERLINK(""https://www.fashion-press.net/news/?page=2"")",10,ﾌｧｯｼｮﾝ ﾌﾟﾚｽ 最新 ﾌｧｯｼｮﾝ ﾆｭｰｽ 新作 ｺﾚｸｼｮﾝ ﾌｧｯｼｮﾝ ｼｮｰ ﾚﾎﾟｰﾄ 配信 0 ﾍﾟｰｼﾞ ﾌｧｯｼｮﾝ 以外 ﾗｲﾌｽﾀｲﾙ ﾋﾞｭｰﾃｨ ｱｰﾄ ﾆｭｰｽ 掲載 し い
12,ファッション,35歳からのプチプラを品良く着こなしたいファッションブログ,ご覧いただきありがとうございます！ 35歳からの大人向けプチプラmixコーデを載せています。 UNIQLOやGUなどのプチプラをミックスしながら品良く見えるコーデを目指しています。 小学生ママのイベントファッションも載せてます。 身長160cmの標準体型です ...,"=HYPERLINK(""https://ameblo.jp/kurimama2013/"")",13,ご覧 いただき ござい 0 大人 ﾌﾟﾁﾌﾟﾗ mix ｺｰﾃﾞ 載せ い UNIQLO GU ﾌﾟﾁﾌﾟﾗ ﾐｯｸｽ し 品 良く 見える ｺｰﾃﾞ 目指し い 小学 ﾏﾏ ｲﾍﾞﾝﾄ ﾌｧｯｼｮﾝ 載せ 身長 0 cm 標準 体型
13,ファッション,関連ニュースまとめ - ファッションプレス,ファッションに関するトピックをまとめて紹介。ファッション以外にも、ファッションを中心にブランド、グルメ、音楽、映画、アート、カルチャーなどライフスタイルに関する最新ニュースや取材レポートなどをスピーディに配信しています。,"=HYPERLINK(""https://www.fashion-press.net/news/search/fashion"")",14,ﾌｧｯｼｮﾝ 関する ﾄﾋﾟｯｸ まとめ 紹介 ﾌｧｯｼｮﾝ 以外 ﾌｧｯｼｮﾝ 中心 ﾌﾞﾗﾝﾄﾞ ｸﾞﾙﾒ 音楽 映画 ｱｰﾄ ｶﾙﾁｬｰ ﾗｲﾌｽﾀｲﾙ 関する 最新 ﾆｭｰｽ 取材 ﾚﾎﾟｰﾄ 配信 し い
14,ファッション,ファッションプレス: ファッションブランド・デザイナー情報,ファッションブランドを中心に映画、アート、音楽、コスメ、グルメなどを紹介する日本最大級のライフスタイルメディア「ファッションプレス」。おでかけスポットなどの情報も掲載しています。,"=HYPERLINK(""https://www.fashion-press.net/"")",15,ﾌｧｯｼｮﾝ ﾌﾞﾗﾝﾄﾞ 中心 映画 ｱｰﾄ 音楽 ｺｽﾒ ｸﾞﾙﾒ 紹介 する 日本 最大 ﾗｲﾌｽﾀｲﾙ ﾒﾃﾞｨｱ ﾌｧｯｼｮﾝ ﾌﾟﾚｽ でかけ ｽﾎﾟｯﾄ 情報 掲載 し い
15,ファッション,人気レディースファッション通販の神戸レタス【公式サイト】,安くて可愛い人気のレディースファッションなら神戸レタスにお任せください。トップスやボトム、ワンピース、アウター、シューズなど、豊富なアイテムを取り揃えております。通販サイトの他、実店舗でもお買い求めいただけます。【神戸レタス】,"=HYPERLINK(""https://www.lettuce.co.jp/"")",16,安く 可愛い 人気 ﾚﾃﾞｨｰｽ ﾌｧｯｼｮﾝ 神戸 ﾚﾀｽ 任せ ください ﾄｯﾌﾟｽ ﾎﾞﾄﾑ ﾜﾝ ﾋﾟｰｽ ｱｳﾀｰ ｼｭｰｽﾞ ｱｲﾃﾑ 取り揃え おり 通販 ｻｲﾄ 他 店舗 買い求め いただけ 神戸 ﾚﾀｽ
16,ファッション,レディースファッション通販SHOPLIST（ショップリスト）,ファッション通販SHOPLIST（ショップリスト）レディースの最新アイテムを安くまとめ買いしよう。お得なセールやイベント毎日開催！最短で翌日発送。ファストファッションから有名ブランドまで豊富な品揃え。,"=HYPERLINK(""https://shop-list.com/women/"")",17,ﾌｧｯｼｮﾝ 通販 SHOPLIST ｼｮｯﾌﾟ ﾘｽﾄ ﾚﾃﾞｨｰｽ 最新 ｱｲﾃﾑ 安く まとめ買い しよう 得 ｾｰﾙ ｲﾍﾞﾝﾄ 毎日 開催 最短 翌日 発送 ﾌｧｽﾄ ﾌｧｯｼｮﾝ ﾌﾞﾗﾝﾄﾞ 品揃え
17,ファッション,【楽天市場】レディースファッション |インターネット通販 ...,レディースファッションの通販なら楽天市場。流行の新作レディースファッションなどが大集合！ワンピ、スカート、ニット、ジーンズ、デニムなどサイズ別にも品数豊富に取り揃え。口コミ・ランキング・各種特集ページから簡単にお選びいただけます。,"=HYPERLINK(""https://www.rakuten.co.jp/category/ladiesfashion/"")",18,ﾚﾃﾞｨｰｽ ﾌｧｯｼｮﾝ 通販 楽天 市場 流行 新作 ﾚﾃﾞｨｰｽ ﾌｧｯｼｮﾝ 集合 ﾜﾝﾋﾟ ｽｶｰﾄ ﾆｯﾄ ｼﾞｰﾝｽﾞ ﾃﾞﾆﾑ ｻｲｽﾞ 別 品数 取り揃え 口ｺﾐ ﾗﾝｷﾝｸﾞ 各種 特集 ﾍﾟｰｼﾞ 選び いただけ
18,ファッション,20代・30代のレディースファッション通販・通販 サイト ...,20代・30代・40代の女性におすすめな大人レディースカジュアルファッション通販サイト！トレンドファッションアイテムが目白押し！,"=HYPERLINK(""https://titivate.jp/"")",19,0 代 0 代 0 代 女性 すすめ 大人 ﾚﾃﾞｨｰｽ ｶｼﾞｭｱﾙ ﾌｧｯｼｮﾝ 通販 ｻｲﾄ ﾄﾚﾝﾄﾞ ﾌｧｯｼｮﾝ ｱｲﾃﾑ 目白押し
19,ファッション,coca コカ 公式サイト 大人のためのファストファッション通販,大人のためのレディースファッション通販coca(コカ)の公式通販サイト。ちょっとおしゃれな日常着をテーマに、ベーシック＆トレンドなアイテムが《1000円台》から！3980円以上で送料無料。実店舗でのお買い物も可能。,"=HYPERLINK(""https://www.cocacoca.jp/"")",20,大人 ため ﾚﾃﾞｨｰｽ ﾌｧｯｼｮﾝ 通販 coca ｺｶ 公式 通販 ｻｲﾄ おしゃれ 日常 ﾃｰﾏ ﾄﾚﾝﾄﾞ ｱｲﾃﾑ 0 円 台 0 円 以上 送料 無料 店舗 買い物
21,ファッション,レディースファッション通販 MAGASEEK(マガシーク),MAGASEEK(マガシーク)は人気ブランドや雑誌掲載アイテムを公式に取扱う国内最大級のファッション通販サイトです。トレンドアイテムや定番アイテムなど、幅広いレディースアイテムをご購入できます。お得なクーポン、人気ショップのアイテムは勿論、人気の ...,"=HYPERLINK(""https://www.magaseek.com/"")",22,MAGASEEK ﾏｶﾞｼｰｸ 人気 ﾌﾞﾗﾝﾄﾞ 雑誌 掲載 ｱｲﾃﾑ 公式 取扱う 国内 最大 ﾌｧｯｼｮﾝ 通販 ｻｲﾄ ﾄﾚﾝﾄﾞ ｱｲﾃﾑ 定番 ｱｲﾃﾑ 幅広い ﾚﾃﾞｨｰｽ ｱｲﾃﾑ 購入 でき 得 ｸｰﾎﾟﾝ 人気 ｼｮｯﾌﾟ ｱｲﾃﾑ 人気
22,ファッション,20代・30代・40代女性のレディースファッション 通販,ニッセン通販サイト。レディースファッションのページです。20代・30代・40代女性の通勤服からドレス、カジュアル・フォーマル服まで、秋冬コーデや今どきファッションも豊富！,"=HYPERLINK(""https://www.nissen.co.jp/s/ladies/"")",23,ﾆｯｾﾝ 通販 ｻｲﾄ ﾚﾃﾞｨｰｽ ﾌｧｯｼｮﾝ ﾍﾟｰｼﾞ 0 代 0 代 0 代 女性 通勤 服 ﾄﾞﾚｽ ｶｼﾞｭｱﾙ 服 秋冬 ｺｰﾃﾞ 今どき ﾌｧｯｼｮﾝ
23,ファッション,大人のための高感度ファッション通販 タカシマヤ ...,"【5000円以上で送料無料】 タカシマヤファッションスクエアは30代,40代のレディースを中心に、人気ブランドのアイテムを公式に取り扱う、大人のためのファッション通販サイトです。セレクトショップの商品をはじめ、定番からトレンドアイテムまで購入でき ...","=HYPERLINK(""https://www.t-fashion.jp/"")",24,0 円 以上 送料 無料 ﾀｶｼﾏﾔﾌｧｯｼｮﾝｽｸｴｱ 0 代 0 代 ﾚﾃﾞｨｰｽ 中心 人気 ﾌﾞﾗﾝﾄﾞ ｱｲﾃﾑ 公式 取り扱う 大人 ため ﾌｧｯｼｮﾝ 通販 ｻｲﾄ ｾﾚｸﾄ ｼｮｯﾌﾟ 商品 はじめ 定番 ﾄﾚﾝﾄﾞ ｱｲﾃﾑ 購入 でき
24,ファッション,ファッション通販 Rakuten Fashion(楽天ファッション／旧 ...,Rakuten Fashion(楽天ファッション)は人気ブランドを取り扱うファッション通販サイトです。新作アイテムも続々入荷中！3980円（税込）以上のお買い物で送料無料！,"=HYPERLINK(""https://brandavenue.rakuten.co.jp/"")",25,Rakuten Fashion 楽天 ﾌｧｯｼｮﾝ 人気 ﾌﾞﾗﾝﾄﾞ 取り扱う ﾌｧｯｼｮﾝ 通販 ｻｲﾄ 新作 ｱｲﾃﾑ 入荷 0 円 税込 以上 買い物 送料 無料
25,ファッション,商品検索 -ファッション通販 FASHION WALKER,人気ブランドのアイテムが続々入荷中!!ファッションウォーカーは2200以上の人気ブランドを公式に取り扱うファッション通販サイトです。即日出荷・サイズ交換・返品可.,"=HYPERLINK(""https://fashionwalker.com/search/"")",26,人気 ﾌﾞﾗﾝﾄﾞ ｱｲﾃﾑ 入荷 ﾌｧｯｼｮﾝ ｳｫｰｶｰ 0 以上 人気 ﾌﾞﾗﾝﾄﾞ 公式 取り扱う ﾌｧｯｼｮﾝ 通販 ｻｲﾄ 即日 出荷 ｻｲｽﾞ 交換 返品 可
26,ファッション,Honeys,Honeys（ハニーズ）の公式通販サイト。ベーシックからトレンドまで幅広いファッションアイテムをプチプラで販売。大人の女性からティーンまで年齢層も幅広く対応。オフィスカジュアル、デート、普段着など今欲しいアイテムが見つかります。,"=HYPERLINK(""https://www.honeys-onlineshop.com/shop/default.aspx"")",27,Honeys ﾆｰｽﾞ 公式 通販 ｻｲﾄ ﾄﾚﾝﾄﾞ 幅広い ﾌｧｯｼｮﾝ ｱｲﾃﾑ ﾌﾟﾁﾌﾟﾗ 販売 大人 女性 ﾃｨｰﾝ 年齢 層 幅広く 対応 ｵﾌｨｽ ｶｼﾞｭｱﾙ ﾃﾞｰﾄ 普段 今 欲しい ｱｲﾃﾑ 見つかり
28,ファッション,レディースファッション | Amazon.co.jp,レディースファッションならアマゾン。人気のレディースファッションをお手頃な価格帯で幅広く取り揃えています。Amazonが配送する商品は送料無料・返品無料です。（一部を除く）,"=HYPERLINK(""https://www.amazon.co.jp/%E3%83%AC%E3%83%87%E3%82%A3%E3%83%BC%E3%82%B9%E3%83%95%E3%82%A1%E3%83%83%E3%82%B7%E3%83%A7%E3%83%B3/b?ie=UTF8&node=2230006051"")",29,ﾚﾃﾞｨｰｽ ﾌｧｯｼｮﾝ ｱﾏｿﾞﾝ 人気 ﾚﾃﾞｨｰｽ ﾌｧｯｼｮﾝ 価格 幅広く 取り揃え い Amazon 配送 する 商品 送料 無料 返品 無料 一部 除く
29,ファッション,ファッション通販fifth(フィフス),流行のファッションアイテムを通販でお探しなら、ハイビジュアル・低価格で洋服、靴、アクセを提供するfifth(フィフス)毎月100型新作アイテム登場！安井レイさんやソンイさんのコーデアイテムもプチプラで販売中！,"=HYPERLINK(""https://5-fifth.com/"")",30,流行 ﾌｧｯｼｮﾝ ｱｲﾃﾑ 通販 探し ﾊｲ ﾋﾞｼﾞｭｱﾙ 価格 洋服 靴 ｱｸｾ 提供 する fifth ﾌｨﾌｽ 毎月 0 新作 ｱｲﾃﾑ 登場 安井 ﾚｲ ｿﾝｲ ｺｰﾃﾞ ｱｲﾃﾑ ﾌﾟﾁﾌﾟﾗ 販売
30,ファッション,アマゾンファッション 通販 | Amazon,アマゾンファッションでは、人気のレディース、メンズファッションアイテムをお手頃な価格帯で幅広く取り揃えています。Amazonが配送する商品は送料無料・返品無料です。（一部を除く）,"=HYPERLINK(""https://www.amazon.co.jp/%E3%83%95%E3%82%A1%E3%83%83%E3%82%B7%E3%83%A7%E3%83%B3/b?ie=UTF8&node=2229202051"")",31,ｱﾏｿﾞﾝ ﾌｧｯｼｮﾝ 人気 ﾚﾃﾞｨｰｽ ﾒﾝｽﾞ ﾌｧｯｼｮﾝ ｱｲﾃﾑ 価格 幅広く 取り揃え い Amazon 配送 する 商品 送料 無料 返品 無料 一部 除く
31,ファッション,人気ファッションランキング｜フェリシモ,フェリシモのファッションブランドの人気コレクションをランキングでご紹介します。,"=HYPERLINK(""https://www.felissimo.co.jp/contents/fashionranking/"")",32,ﾌｪﾘｼﾓ ﾌｧｯｼｮﾝ ﾌﾞﾗﾝﾄﾞ 人気 ｺﾚｸｼｮﾝ ﾗﾝｷﾝｸﾞ 紹介 し
32,ファッション,ファッション 記事一覧 | WWDJAPAN,ファッション / 全て. 全て; ニュース · コラム・ インタビュー · スナップ · VIDEOS · PODCAST · ファッション · コレクション · ライフ · ウオッチ& ジュエリー · アイウエア · バッグ& シューズ. 10秒で読む.,"=HYPERLINK(""https://www.wwdjapan.com/category/fashion"")",33,ﾌｧｯｼｮﾝ 全て 全て ﾆｭｰｽ ｺﾗﾑ ｲﾝﾀﾋﾞｭｰ ｽﾅｯﾌﾟ VIDEOS PODCAST ﾌｧｯｼｮﾝ ｺﾚｸｼｮﾝ ﾗｲﾌ ｳｵｯﾁ ｼﾞｭｴﾘｰ ｱｲ ｳｴｱ ﾊﾞｯｸﾞ ｼｭｰｽﾞ 0 秒 読む
33,ファッション,【ニッセン】ファッション通販 2021秋,ニッセンの通販オンラインショップは、ファッション、インナー、インテリア、美容グッズなど、幅広い品揃えを豊富なサイズで取り揃えています。コーディネートやプチプライスも充実。,"=HYPERLINK(""https://www.nissen.co.jp/"")",34,ﾆｯｾﾝ 通販 ｵﾝ ﾗｲﾝ ｼｮｯﾌﾟ ﾌｧｯｼｮﾝ ｲﾝﾅｰ ｲﾝﾃﾘｱ 美容 ｸﾞｯｽﾞ 幅広い 品揃え ｻｲｽﾞ 取り揃え い ｺｰﾃﾞｨﾈｰﾄ ﾌﾟﾁ ﾌﾟﾗｲｽ 充実
34,ファッション,FASHIONSNAP.COM [ファッションスナップ・ドットコム],ファッションに関連する事象を中心にビューティーやビジネス、アート、カルチャー、スポーツなど様々なトピックを取り上げる情報サイト。ファッションニュースの提供や、ストリートスナップ、最新コレクション、日曜日22時占い、ポッドキャスト、 ...,"=HYPERLINK(""https://www.fashionsnap.com/"")",35,ﾌｧｯｼｮﾝ 関連 する 事象 中心 ﾋﾞｭｰﾃｨｰ ﾋﾞｼﾞﾈｽ ｱｰﾄ ｶﾙﾁｬｰ ｽﾎﾟｰﾂ ﾄﾋﾟｯｸ 取り上げる 情報 ｻｲﾄ ﾌｧｯｼｮﾝ ﾆｭｰｽ 提供 ｽﾄﾘｰﾄ ｽﾅｯﾌﾟ 最新 ｺﾚｸｼｮﾝ 日曜 日 0 時 占い ﾎﾟｯﾄﾞ ｷｬｽﾄ
35,ファッション,MEN | ファッション通販 Rakuten Fashion(楽天 ... - 楽天市場,アウターコレクション開催中！Rakuten Fashion(旧楽天ブランドアベニュー)は人気ブランドを取り扱うファッション通販サイトです。新作アイテムも続々入荷中！3980円（税込）以上のお買い物で送料無料！,"=HYPERLINK(""https://brandavenue.rakuten.co.jp/men/?l-id=brn_head_sex"")",36,ｱｳﾀｰ ｺﾚｸｼｮﾝ 開催 Rakuten Fashion 旧 楽天 ﾌﾞﾗﾝﾄﾞ ｱﾍﾞﾆｭｰ 人気 ﾌﾞﾗﾝﾄﾞ 取り扱う ﾌｧｯｼｮﾝ 通販 ｻｲﾄ 新作 ｱｲﾃﾑ 入荷 0 円 税込 以上 買い物 送料 無料
36,ファッション,"ファッション,コスメ通販DHOLIC",おしゃれなファッション洋服通販サイトdholic。メンズからレディースまで品揃え豊富。,"=HYPERLINK(""https://m.dholic.co.jp/"")",37,おしゃれ ﾌｧｯｼｮﾝ 洋服 通販 ｻｲﾄ dholic ﾒﾝｽﾞ ﾚﾃﾞｨｰｽ 品揃え
37,ファッション,ファッション のおすすめ人気通販｜Creema(クリーマ),ファッションを探せます。ハンドメイド、クラフト、手作り手芸品の通販・販売・購入ならCreema。301097点の一点ものならではのかわいい・おしゃれ・ユニークなおすすめのアイテムから自分だけのお気に入り作品をどうぞ。,"=HYPERLINK(""https://www.creema.jp/listing/8"")",38,ﾌｧｯｼｮﾝ 探せ ﾊﾝﾄﾞﾒｲﾄﾞ ｸﾗﾌﾄ 手作り 手芸 通販 販売 購入 Creema 0 点 一 点 もの かわいい おしゃれ すすめ ｱｲﾃﾑ 自分 気 入り 作品
38,ファッション,カテゴリ一覧 -ファッション通販 FASHION WALKER,カテゴリ一覧. スニーカー. レディースファッション. メンズファッション. ガールズ. ボーイズ. コスメ・香水・化粧品. レディースファッション. トップス. スカート. パンツ. ワンピース・ドレス. ジャケット・アウター. オールインワン・セットアップ ...,"=HYPERLINK(""https://fashionwalker.com/contents/category/"")",39,ｶﾃｺﾞﾘ 一覧 ｽﾆｰｶｰ ﾚﾃﾞｨｰｽ ﾌｧｯｼｮﾝ ﾒﾝｽﾞ ﾌｧｯｼｮﾝ ｶﾞｰﾙｽﾞ ﾎﾞｰｲｽﾞ ｺｽﾒ 香水 化粧 ﾚﾃﾞｨｰｽ ﾌｧｯｼｮﾝ ﾄｯﾌﾟｽ ｽｶｰﾄ ﾊﾟﾝﾂ ﾜﾝ ﾋﾟｰｽ ﾄﾞﾚｽ ｼﾞｬｹｯﾄ ｱｳﾀｰ ｵｰﾙ ｲﾝ ﾜﾝ ｾｯﾄｱｯﾌﾟ
39,ファッション,ファッション（読み）ふぁっしょん（英語表記） - コトバンク,フランス語のファソンfaçonとなり、さらに英語のファッションfashionとなった。今日、本来の英語でのファッションには多様な意味がある。第一義は「流行」であり、「はやりの型 ...,"=HYPERLINK(""https://kotobank.jp/word/%E3%83%95%E3%82%A1%E3%83%83%E3%82%B7%E3%83%A7%E3%83%B3-122310"")",40,ﾌﾗﾝｽ 語 ﾌｧｿﾝ façon なり 英語 ﾌｧｯｼｮﾝ fashion なっ 今日 本来 英語 ﾌｧｯｼｮﾝ 意味 ある 一 義 流行 あり はやり 型
40,ファッション,ファッションアイテムの人気ランキング - Rakuten Fashion,ファッションアイテムの人気ランキングです！楽天ファッション(旧楽天ブランドアベニュー)で人気のファッションアイテムをチェックできます。,"=HYPERLINK(""https://brandavenue.rakuten.co.jp/ranking/"")",41,ﾌｧｯｼｮﾝ ｱｲﾃﾑ 人気 ﾗﾝｷﾝｸﾞ 楽天 ﾌｧｯｼｮﾝ 旧 楽天 ﾌﾞﾗﾝﾄﾞ ｱﾍﾞﾆｭｰ 人気 ﾌｧｯｼｮﾝ ｱｲﾃﾑ ﾁｪｯｸ でき
41,ファッション,ファッションまとめ - ZOZOTOWN,人気キュレーションメディアの最新ファッション情報を集めました！今話題のファッションやトレンド情報をご覧いただけます。ZOZOTOWNは8444ブランドのアイテムを公式に取扱うファッション通販サイトです。,"=HYPERLINK(""https://zozo.jp/fashionnews/"")",42,人気 ｷｭﾚｰｼｮﾝﾒﾃﾞｨｱ 最新 ﾌｧｯｼｮﾝ 情報 集め 話題 ﾌｧｯｼｮﾝ ﾄﾚﾝﾄﾞ 情報 ご覧 いただけ ZOZOTOWN 0 ﾌﾞﾗﾝﾄﾞ ｱｲﾃﾑ 公式 取扱う ﾌｧｯｼｮﾝ 通販 ｻｲﾄ
42,ファッション,ファッションアイテム人気ランキング - ZOZOTOWN,すべて; トップス; ジャケット/アウター; パンツ; オールインワン・サロペット; スカート; ワンピース/ドレス; フォーマルスーツ/小物; バッグ; シューズ; ファッション雑貨; 財布/小物; 腕時計; ヘアアクセサリー; アクセサリー; アンダーウェア ...,"=HYPERLINK(""https://zozo.jp/ranking/all-sales-women.html"")",43,すべて ﾄｯﾌﾟｽ ｼﾞｬｹｯﾄ ｱｳﾀｰ ﾊﾟﾝﾂ ｵｰﾙ ｲﾝ ﾜﾝ ｻﾛﾍﾟｯﾄ ｽｶｰﾄ ﾜﾝ ﾋﾟｰｽ ﾄﾞﾚｽ ｽｰﾂ 小物 ﾊﾞｯｸﾞ ｼｭｰｽﾞ ﾌｧｯｼｮﾝ 雑貨 財布 小物 腕 時計 ﾍｱ ｱｸｾｻﾘｰ ｱｸｾｻﾘｰ ｱﾝﾀﾞｰｳｪｱ
43,ファッション,ファッション 通販 - Yahoo!ショッピング,Yahoo!ショッピング | ファッションのランキングや口コミも豊富なネット通販。更にお得なPayPay残高も！スマホアプリも充実で毎日どこからでも気になる商品をその場でお求めいただけます。,"=HYPERLINK(""https://shopping.yahoo.co.jp/category/13457/recommend"")",44,Yahoo ｼｮｯﾋﾟﾝｸﾞ ﾌｧｯｼｮﾝ ﾗﾝｷﾝｸﾞ 口ｺﾐ ﾈｯﾄ 通販 得 PayPay 残高 ｽﾏﾎｱﾌﾟﾘ 充実 毎日 気 なる 商品 場 求め いただけ
44,ファッション,ファッションの意味や定義 Weblio辞書,(1)人々の間で流行している服装や装飾等のこと。Weblio国語辞典では「ファッション」の意味や使い方、用例、類似表現などを解説しています。,"=HYPERLINK(""https://www.weblio.jp/content/%E3%83%95%E3%82%A1%E3%83%83%E3%82%B7%E3%83%A7%E3%83%B3"")",45,0 人々 間 流行 し いる 服装 装飾 こと Weblio 国語 辞典 ﾌｧｯｼｮﾝ 意味 使い 用例 類似 表現 解説 し い
45,ファッション,ファッション‼︎ | 文春オンライン,『ダルちゃん』（小学館）や『ZUCCA×ZUCA（ヅッカヅカ）』（講談社）のはるな檸檬さんの最新作。魑魅魍魎ファッション業界を舞台に「見せかけの人たち」を描くヒューマンホラー。「週刊文春W…,"=HYPERLINK(""https://bunshun.jp/category/fashion"")",46,小学 ZUCCA×ZUCA ﾂﾞｯｶﾂﾞｶ 講談 社 はるな 檸檬 最新 魑魅 魍魎 ﾌｧｯｼｮﾝ 舞台 見せかけ 人 描く ﾋｭｰﾏﾝ ﾎﾗｰ 週刊 文春 W
46,ファッション,秋の大人おしゃれはコレ！注目ファッションアイテム6選で ...,また、近年多くのファッションブランドがサスティナブルな取り組みを行っており、有害な化学物質を使用しない自然素材やリサイクル素材、アニマルフリー素材など、地球環境に優しいアイテムを多数打ち出しています。 2021-22年秋冬コレクションのランウェイ ...,"=HYPERLINK(""https://news.yahoo.co.jp/articles/aed55caa14e7fa29bb41b0e4a5150d990dcaaf4f"")",47,近年 多く ﾌｧｯｼｮﾝ ﾌﾞﾗﾝﾄﾞ ｻｽﾃｨﾅﾌﾞﾙ 取り組み 行っ おり 化学 物質 使用 し 自然 素材 ﾘｻｲｸﾙ 素材 ｱﾆﾏﾙ ﾌﾘｰ 素材 地球 環境 優しい ｱｲﾃﾑ 多数 打ち出し い 0 0 年 秋 冬 ｺﾚｸｼｮﾝ ﾗﾝ ｳｪｲ
47,ファッション,ONWARD CROSSET | ファッション通販サイト[オンワード ...,オンワードグループ公式ファッション通販サイトのONWARD CROSSET。大人気ブランド(23区、組曲、自由区、ICB、any SiSなど)の多彩なアイテムを紹介しているショッピングサイトです！毎日更新！旬なアイテムを要チェック！,"=HYPERLINK(""https://crosset.onward.co.jp/"")",48,ｵﾝﾜｰﾄﾞ ｸﾞﾙｰﾌﾟ 公式 ﾌｧｯｼｮﾝ 通販 ｻｲﾄ ONWARD CROSSET 人気 ﾌﾞﾗﾝﾄﾞ 0 区 組曲 自由 区 ICB any SiS ｱｲﾃﾑ 紹介 し いる ｼｮｯﾋﾟﾝｸﾞ ｻｲﾄ 毎日 更新 旬 ｱｲﾃﾑ ﾁｪｯｸ
48,ファッション,ファッション 新作 - フェリシモコレクション,ファッション 新作を紹介しています。ファッション・雑貨の定期便通販ならフェリシモコレクション。,"=HYPERLINK(""https://www.felissimo.co.jp/collect/wk59541/"")",49,ﾌｧｯｼｮﾝ 新作 紹介 し い ﾌｧｯｼｮﾝ 雑貨 定期 便 通販 ﾌｪﾘｼﾓ ｺﾚｸｼｮﾝ
49,ファッション,ファッション通販サイトのSTRIPE CLUB（ストライプクラブ）,ファッション通販サイトのSTRIPE CLUBは、レディースファッションからメンズ・キッズまで幅広く取り揃えたファッション通販サイトです。ファッション通販サイトのストライプクラブでは、TV・CMや雑誌でお馴染みのearth music&ecologyやE hyphen world ...,"=HYPERLINK(""https://stripe-club.com/"")",50,ﾌｧｯｼｮﾝ 通販 ｻｲﾄ STRIPE CLUB ﾚﾃﾞｨｰｽ ﾌｧｯｼｮﾝ ﾒﾝｽﾞ ｷｯｽﾞ 幅広く 取り揃え ﾌｧｯｼｮﾝ 通販 ｻｲﾄ ﾌｧｯｼｮﾝ 通販 ｻｲﾄ ｽﾄﾗｲﾌﾟ ｸﾗﾌﾞ TV CM 雑誌 馴染み earth music ecology E hyphen world
50,ファッション,レディースファッションの商品一覧 - QVCジャパン,ファッション（レディースファッション）のカテゴリから、ファッションウェアをご紹介。コート、ジャケット、ワンピース、チュニック、カーディガン、パンツ、スカートなど様々なアイテムをラインナップ。人気ブランドの新作はシーズン毎に登場。,"=HYPERLINK(""https://qvc.jp/catalog/cList.html?baseRo=cat2_17&searchType=categoryList"")",51,ﾌｧｯｼｮﾝ ﾚﾃﾞｨｰｽ ﾌｧｯｼｮﾝ ｶﾃｺﾞﾘ ﾌｧｯｼｮﾝ ｳｪｱ 紹介 ｺｰﾄ ｼﾞｬｹｯﾄ ﾜﾝ ﾋﾟｰｽ ﾁｭﾆｯｸ ｶｰﾃﾞｨｶﾞﾝ ﾊﾟﾝﾂ ｽｶｰﾄ ｱｲﾃﾑ ﾗｲﾝﾅｯﾌﾟ 人気 ﾌﾞﾗﾝﾄﾞ 新作 ｼｰｽﾞﾝ 登場
52,ファッション,メンズ - 海外ファッション通販【BUYMA】,【BUYMA】メンズファッション｜メンズファッションを探す。 バイマは誰もが『パーソナルショッパー』になることで誕生した史上初の『お買い物代行コミュニティ』です。,"=HYPERLINK(""https://www.buyma.com/mens/"")",53,BUYMA ﾒﾝｽﾞ ﾌｧｯｼｮﾝ ﾒﾝｽﾞ ﾌｧｯｼｮﾝ 探す ﾊﾞｲﾏ ﾊﾟｰｿﾅﾙ ｼｮｯﾊﾟｰ なる こと 誕生 し 史上 初 買い物 代行 ｺﾐｭﾆﾃｨ
53,ファッション,世界を買える 海外ブランド・ファッション通販【BUYMA】,【BUYMA】世界を買える 海外ブランド・ファッション通販「BUYMA(バイマ)」。世界各国のパーソナルショッパー(出品者)から、世界中の商品を購入できるマーケットプレイスです。,"=HYPERLINK(""https://www.buyma.com/"")",54,BUYMA 世界 買える 海外 ﾌﾞﾗﾝﾄﾞ ﾌｧｯｼｮﾝ 通販 BUYMA 世界 各国 ﾊﾟｰｿﾅﾙ ｼｮｯﾊﾟｰ 出品 世界 商品 購入 できる ﾏｰｹｯﾄ ﾌﾟﾚｲｽ
54,ファッション,Felissimo Fashion News - フェリシモ,フェリシモファッションの最旬情報やSALE情報をご紹介します。,"=HYPERLINK(""https://www.felissimo.co.jp/fashion/"")",55,ﾌｪﾘｼﾓ ﾌｧｯｼｮﾝ 旬 情報 SALE 情報 紹介 し
55,ファッション,ファッション | 価格比較、通販,価格.comファッションは全国の通販サイトの販売価格情報をはじめ、ランキング別やブランド別など、さまざまな視点から商品を比較・検討できます！,"=HYPERLINK(""https://kakaku.com/fashion/"")",56,価格 com ﾌｧｯｼｮﾝ 全国 通販 ｻｲﾄ 販売 価格 情報 はじめ ﾗﾝｷﾝｸﾞ 別 ﾌﾞﾗﾝﾄﾞ 別 視点 商品 比較 検討 でき
56,ファッション,長濱ねると考える、東京ファッションとSDGs 「大切なのは ...,2021年8月30日（月）～9月4日（土）の期間にて開催された楽天 ファッションウィーク 東京 2022春夏（Rakuten Fashion Week Tokyo 2022 S/S）に、SDGsレポ.,"=HYPERLINK(""https://news.yahoo.co.jp/articles/442bcae0a44716176bcdd9d39fe7eba5059278de"")",57,0 年 0 月 0 月 0 月 0 土 期間 開催 さ 楽天 ﾌｧｯｼｮﾝ ｳｨｰｸ 東京 0 春夏 Rakuten Fashion Week Tokyo 0 S S SDGs ﾚﾎﾟ
57,ファッション,レディースファッション通販 - ベルーナ,レディースファッションの通販ならベルーナ。人気のレディースファッションがお手頃価格でサイズ豊富。割引クーポンやセールなどお得なキャンペーンも随時開催中！更に交換送料無料サービスで安心。ミセスファッション通販サイトはベルーナ。,"=HYPERLINK(""https://belluna.jp/01/010101/c/10000000/l_cate/"")",58,ﾚﾃﾞｨｰｽ ﾌｧｯｼｮﾝ 通販 ﾍﾞﾙｰﾅ 人気 ﾚﾃﾞｨｰｽ ﾌｧｯｼｮﾝ 価格 ｻｲｽﾞ 割引 ｸｰﾎﾟﾝ ｾｰﾙ 得 ｷｬﾝﾍﾟｰﾝ 随時 開催 交換 送料 無料 ｻｰﾋﾞｽ 安心 ﾐｾｽ ﾌｧｯｼｮﾝ 通販 ｻｲﾄ ﾍﾞﾙｰﾅ
58,ファッション,ファッション | イオンの公式通販 - イオンスタイルオンライン,イオンのレディース・メンズ ファッションのネットEC通販。カジュアル、ビジネス、トップス、カットソー、シャツ、ボトムス、インナー、大きいサイズ、スーツなど豊富な品揃え。店舗受取りなら送料無料。WAON POINTがつかえる・たまる。,"=HYPERLINK(""https://aeonretail.com/shop/stylefashion/"")",59,ｲｵﾝ ﾚﾃﾞｨｰｽ ﾒﾝｽﾞ ﾌｧｯｼｮﾝ ﾈｯﾄ EC 通販 ｶｼﾞｭｱﾙ ﾋﾞｼﾞﾈｽ ﾄｯﾌﾟｽ ｶｯﾄｿｰ ｼｬﾂ ﾎﾞﾄﾑｽ ｲﾝﾅｰ 大きい ｻｲｽﾞ ｽｰﾂ 品揃え 店舗 受取り 送料 無料 WAON POINT つかえる たまる
59,ファッション,メンズファッション - シャツ、ジーンズの古着 - ヤフオク!,メンズファッションならヤフオク! 春夏秋冬、お得に最新コーディネートを揃えられるのも、圧倒的な商品数のネットオークションで新品、古着、ビンテージ、アウトレット品、訳あり品を最安値価格で落札できるから！ 送料無料、手数料無料の商品も ...,"=HYPERLINK(""https://auctions.yahoo.co.jp/list2/23176-category.html"")",60,ﾒﾝｽﾞ ﾌｧｯｼｮﾝ ﾔﾌｵｸ 春夏 秋 冬 得 最新 ｺｰﾃﾞｨﾈｰﾄ 揃え 圧倒 商品 数 ﾈｯﾄ ｵｰｸｼｮﾝ 新品 古着 ﾋﾞﾝﾃｰｼﾞ ｱｳﾄﾚｯﾄ 訳あり 安値 価格 落札 できる 送料 無料 手数 無料 商品
60,ファッション,ファッション 通販 - ディノス,ディノス(dinos）オンラインショップ、こちらは【ファッション】のカテゴリで、通販カタログやTVショッピングで紹介されている人気のファッションを多数取り揃えています。ディノスなら代引手数料無料！初めてのお買い物でもれなく1000円クーポン ...,"=HYPERLINK(""https://www.dinos.co.jp/c2/002003/"")",61,ﾃﾞｨﾉｽ dinos ｵﾝ ﾗｲﾝ ｼｮｯﾌﾟ ﾌｧｯｼｮﾝ ｶﾃｺﾞﾘ 通販 ｶﾀﾛｸﾞ TV ｼｮｯﾋﾟﾝｸﾞ 紹介 さ いる 人気 ﾌｧｯｼｮﾝ 多数 取り揃え い ﾃﾞｨﾉｽ 代引 手数 無料 買い物 もれ 0 円 ｸｰﾎﾟﾝ
61,ファッション,ファッションセール 通販 - ディノス,ディノス(dinos）オンラインセールショップ、【ファッションセール】のカテゴリです。通販カタログやTVショッピングで人気のファッションを多数ご紹介しています。ディノスなら代引手数料無料☆初めてのお買い物でもれなく1000円クーポンプレゼント！,"=HYPERLINK(""https://www.dinos.co.jp/c2/003003003/"")",62,ﾃﾞｨﾉｽ dinos ｵﾝ ﾗｲﾝ ｾｰﾙ ｼｮｯﾌﾟ ﾌｧｯｼｮﾝ ｾｰﾙ ｶﾃｺﾞﾘ 通販 ｶﾀﾛｸﾞ TV ｼｮｯﾋﾟﾝｸﾞ 人気 ﾌｧｯｼｮﾝ 多数 紹介 し い ﾃﾞｨﾉｽ 代引 手数 無料 買い物 もれ 0 円 ｸｰﾎﾟﾝ ﾌﾟﾚｾﾞﾝﾄ
62,ファッション,MEN | ファッション通販 Rakuten Fashion(楽天ファッション ...,アウターコレクション開催中！Rakuten Fashion(旧楽天ブランドアベニュー)は人気ブランドを取り扱うファッション通販サイトです。新作アイテムも続々入荷中！3980円（税込）以上のお買い物で送料無料！,"=HYPERLINK(""https://brandavenue.rakuten.co.jp/ba/men/"")",63,ｱｳﾀｰ ｺﾚｸｼｮﾝ 開催 Rakuten Fashion 旧 楽天 ﾌﾞﾗﾝﾄﾞ ｱﾍﾞﾆｭｰ 人気 ﾌﾞﾗﾝﾄﾞ 取り扱う ﾌｧｯｼｮﾝ 通販 ｻｲﾄ 新作 ｱｲﾃﾑ 入荷 0 円 税込 以上 買い物 送料 無料
63,ファッション,アウター特集 | ファッション通販 Rakuten Fashion(楽天 ...,ブルゾンやマウンテンパーカー、デニムジャケット、ダウンなど、秋冬に欲しい人気ブランドのアウターを特集！／税込3980円以上購入で送料無料／楽天ポイントが使えて貯まる！／Rakuten Fashion(楽天ファッション),"=HYPERLINK(""https://brandavenue.rakuten.co.jp/contents/outer/"")",64,ﾌﾞﾙｿﾞﾝ ﾏｳﾝﾃﾝ ﾊﾟｰｶｰ ﾃﾞﾆﾑ ｼﾞｬｹｯﾄ ﾀﾞｳﾝ 秋冬 欲しい 人気 ﾌﾞﾗﾝﾄﾞ ｱｳﾀｰ 特集 税込 0 円 以上 購入 送料 無料 楽天 ﾎﾟｲﾝﾄ 使え 貯まる Rakuten Fashion 楽天 ﾌｧｯｼｮﾝ
64,ファッション,KIDS | ファッション通販 Rakuten Fashion(楽天ファッション ...,アウターコレクション開催中！Rakuten Fashion(旧楽天ブランドアベニュー)は人気ブランドを取り扱うファッション通販サイトです。新作アイテムも続々入荷中！3980円（税込）以上のお買い物で送料無料！,"=HYPERLINK(""https://brandavenue.rakuten.co.jp/kids/?l-id=brn_head_sex"")",65,ｱｳﾀｰ ｺﾚｸｼｮﾝ 開催 Rakuten Fashion 旧 楽天 ﾌﾞﾗﾝﾄﾞ ｱﾍﾞﾆｭｰ 人気 ﾌﾞﾗﾝﾄﾞ 取り扱う ﾌｧｯｼｮﾝ 通販 ｻｲﾄ 新作 ｱｲﾃﾑ 入荷 0 円 税込 以上 買い物 送料 無料
65,ファッション,ファッション | 25ans(ヴァンサンカン),女性ファッション誌『25ans』公式サイトの「ファッション」コーナーです。最旬トレンド、華やかスタイリング、厳選ブランドバッグ＆シューズや他では見られないラグジュアリーなハイジュエリーなど、毎日チェックしてほしいとっておきの最新ファッション ...,"=HYPERLINK(""https://www.25ans.jp/fashion/"")",66,女性 ﾌｧｯｼｮﾝ 0 ans 公式 ｻｲﾄ ﾌｧｯｼｮﾝ ｺｰﾅｰ 旬 ﾄﾚﾝﾄﾞ ｽﾀｲﾘﾝｸﾞ 厳選 ﾌﾞﾗﾝﾄﾞ ﾊﾞｯｸﾞ ｼｭｰｽﾞ 他 見 ﾊｲ ｼﾞｭｴﾘｰ 毎日 ﾁｪｯｸ し ほしい とっておき 最新 ﾌｧｯｼｮﾝ
66,ファッション,"ファッション,コスメ通販DHOLIC",おしゃれなファッション洋服通販サイトdholic。メンズからレディースまで品揃え豊富。,"=HYPERLINK(""https://www.dholic.co.jp/"")",67,おしゃれ ﾌｧｯｼｮﾝ 洋服 通販 ｻｲﾄ dholic ﾒﾝｽﾞ ﾚﾃﾞｨｰｽ 品揃え
67,ファッション,LOHACO - ファッション 通販 - ロハコ,ファッション の通販ならLOHACO（ロハコ）で！LOHACO発送の商品は、最短翌日お届け。PayPayが使える、貯まる。アスクル個人向け日用品ショッピングサイトです。,"=HYPERLINK(""https://lohaco.yahoo.co.jp/category/58463/"")",68,ﾌｧｯｼｮﾝ 通販 LOHACO ﾛﾊｺ LOHACO 発送 商品 最短 翌日 届け PayPay 使える 貯まる ｱｽｸﾙ 個人 日用 ｼｮｯﾋﾟﾝｸﾞ ｻｲﾄ
68,ファッション,ファッションのプロジェクト一覧｜マクアケ - Makuake,アタラシイものや体験の応援購入サービス、Makuake（マクアケ）のファッションのプロジェクトです。デザイン作成、服制作などで資金調達によって実現したい実行者の想いを支援しましょう。応援するとプレミアムなモノやサービスのお返しがあります！,"=HYPERLINK(""https://www.makuake.com/discover/categories/fashion/"")",69,ｱﾀﾗｼｲ もの 体験 応援 購入 ｻｰﾋﾞｽ Makuake ﾌｧｯｼｮﾝ ﾌﾟﾛｼﾞｪｸﾄ ﾃﾞｻﾞｲﾝ 作成 服制 資金 調達 よっ 実現 し 実行 想い 支援 し 応援 する ﾌﾟﾚﾐｱﾑ ﾓﾉ ｻｰﾋﾞｽ 返し あり
69,ファッション,Newsニュース - ファッションプレス,ファッションプレスは、最新ファッションニュースや新作コレクション、ファッションショーのレポート等をスピーディに配信。ファッション以外にもライフスタイルやビューティ、アート等のニュースも掲載しています。,"=HYPERLINK(""https://www.fashion-press.net/news/"")",70,ﾌｧｯｼｮﾝ ﾌﾟﾚｽ 最新 ﾌｧｯｼｮﾝ ﾆｭｰｽ 新作 ｺﾚｸｼｮﾝ ﾌｧｯｼｮﾝ ｼｮｰ ﾚﾎﾟｰﾄ 配信 ﾌｧｯｼｮﾝ 以外 ﾗｲﾌｽﾀｲﾙ ﾋﾞｭｰﾃｨ ｱｰﾄ ﾆｭｰｽ 掲載 し い
70,ファッション,レディースファッション - ヤフオク!,レディースファッション、ファッションならヤフオク!。圧倒的な商品数のネットオークションで の中古品、新品、古着、アウトレット品、訳あり品を最安値価格で落札して購入しよう！ 送料無料、手数料無料の商品もあります。不用品の処分には出品、買取が ...,"=HYPERLINK(""https://auctions.yahoo.co.jp/list2/23288-category.html"")",71,ﾚﾃﾞｨｰｽ ﾌｧｯｼｮﾝ ﾌｧｯｼｮﾝ ﾔﾌｵｸ 圧倒 商品 数 ﾈｯﾄ ｵｰｸｼｮﾝ 中古 新品 古着 ｱｳﾄﾚｯﾄ 訳あり 安値 価格 落札 し 購入 しよう 送料 無料 手数 無料 商品 あり 処分 出品 買取
71,ファッション,ブランド別の中古品・新品・古着 - ファッション - ヤフオク!,ファッション、ブランド別ならヤフオク!。圧倒的な商品数のネットオークション・フリマで新品、未使用品、古着、中古品、アウトレット品、訳あり品を最安値価格で落札して購入しよう！ 送料無料、手数料無料の商品もあります。不用品の処分には出品、買取 ...,"=HYPERLINK(""https://auctions.yahoo.co.jp/list2/23172-category.html"")",72,ﾌｧｯｼｮﾝ ﾌﾞﾗﾝﾄﾞ 別 ﾔﾌｵｸ 圧倒 商品 数 ﾈｯﾄ ｵｰｸｼｮﾝ ﾌﾘﾏ 新品 使用 古着 中古 ｱｳﾄﾚｯﾄ 訳あり 安値 価格 落札 し 購入 しよう 送料 無料 手数 無料 商品 あり 処分 出品 買取
72,ファッション,“ラブロマンスの女王“ ソン・ヘギョの華麗なるファッション遍歴,さらに今年2月には「フェンディ」の韓国アンバサダーにも抜擢するなど、20年以上トップ女優として活躍し続けるソン・ヘギョの歴代ファッションをチェック。 【写真】ヒョンビンもソン・ジュンギも虜に！ 魔性女優ソン・ヘギョの華麗なる美容遍歴 ...,"=HYPERLINK(""https://news.yahoo.co.jp/articles/c08117c3027cef807b478b08a55a8b0cbf085c04"")",73,今年 0 月 ﾌｪﾝﾃﾞｨ 韓国 ｱﾝﾊﾞｻﾀﾞｰ 抜擢 する 0 年 以上 ﾄｯﾌﾟ 女優 し 活躍 し 続ける ｿﾝ ﾍｷﾞｮ 歴代 ﾌｧｯｼｮﾝ ﾁｪｯｸ 写真 ﾋｮﾝﾋﾞﾝ ｿﾝ ｼﾞｭﾝｷﾞ 虜 魔性 女優 ｿﾝ ﾍｷﾞｮ 華麗 美容 遍歴
73,ファッション,カテゴリ一覧 | ファッション通販 Rakuten Fashion(楽天 ...,Rakuten Fashionで購入できるアイテムのブランド一覧です。Rakuten Fashionはさまざまな人気ブランドを公式に取り扱うファッション通販サイトです。,"=HYPERLINK(""https://brandavenue.rakuten.co.jp/categorylist/"")",74,Rakuten Fashion 購入 できる ｱｲﾃﾑ ﾌﾞﾗﾝﾄﾞ 一覧 Rakuten Fashion 人気 ﾌﾞﾗﾝﾄﾞ 公式 取り扱う ﾌｧｯｼｮﾝ 通販 ｻｲﾄ
74,ファッション,WOMEN | ファッション通販 Rakuten Fashion(楽天 ...,アウターコレクション開催中！Rakuten Fashion(旧楽天ブランドアベニュー)は人気ブランドを取り扱うファッション通販サイトです。新作アイテムも続々入荷中！3980円（税込）以上のお買い物で送料無料！,"=HYPERLINK(""https://brandavenue.rakuten.co.jp/ladies/?l-id=brn_head_sex"")",75,ｱｳﾀｰ ｺﾚｸｼｮﾝ 開催 Rakuten Fashion 旧 楽天 ﾌﾞﾗﾝﾄﾞ ｱﾍﾞﾆｭｰ 人気 ﾌﾞﾗﾝﾄﾞ 取り扱う ﾌｧｯｼｮﾝ 通販 ｻｲﾄ 新作 ｱｲﾃﾑ 入荷 0 円 税込 以上 買い物 送料 無料
75,ファッション,レディースファッション 通販 - Yahoo!ショッピング,ファッション. コート、アウター. ジャケット. トップス. ボトムス、パンツ. ワンピース、チュニック. オールインワン、セットアップ · ジャージ、スウェット. シューズ. バッグ. 財布、帽子、ファッション小物. 下着、靴下、部屋着. スーツ、フォーマル.,"=HYPERLINK(""https://shopping.yahoo.co.jp/category/13457/2494/recommend"")",76,ﾌｧｯｼｮﾝ ｺｰﾄ ｱｳﾀｰ ｼﾞｬｹｯﾄ ﾄｯﾌﾟｽ ﾎﾞﾄﾑｽ ﾊﾟﾝﾂ ﾜﾝ ﾋﾟｰｽ ﾁｭﾆｯｸ ｵｰﾙ ｲﾝ ﾜﾝ ｾｯﾄｱｯﾌﾟ ｼﾞｬｰｼﾞ ｽｳｪｯﾄ ｼｭｰｽﾞ ﾊﾞｯｸﾞ 財布 帽子 ﾌｧｯｼｮﾝ 小物 下着 靴下 部屋 ｽｰﾂ
76,ファッション,メンズファッション 通販 - Yahoo!ショッピング,ファッション. コート、アウター. ジャケット. トップス. ボトムス、パンツ. つなぎ、オールインワン · ジャージ、スウェット. シューズ. バッグ. 財布、帽子、ファッション小物. 下着、靴下、部屋着. ワイシャツ · ネクタイ. スーツ、フォーマル.,"=HYPERLINK(""https://shopping.yahoo.co.jp/category/13457/2495/recommend"")",77,ﾌｧｯｼｮﾝ ｺｰﾄ ｱｳﾀｰ ｼﾞｬｹｯﾄ ﾄｯﾌﾟｽ ﾎﾞﾄﾑｽ ﾊﾟﾝﾂ つなぎ ｵｰﾙ ｲﾝ ﾜﾝ ｼﾞｬｰｼﾞ ｽｳｪｯﾄ ｼｭｰｽﾞ ﾊﾞｯｸﾞ 財布 帽子 ﾌｧｯｼｮﾝ 小物 下着 靴下 部屋 ﾜｲｼｬﾂ ﾈｸﾀｲ ｽｰﾂ
77,ファッション,ファッション | My Nintendo Store（マイニンテンドーストア）,任天堂の公式オンラインストア。ファッションのページ。バリエーション豊富な商品をご用意しています。,"=HYPERLINK(""https://store-jp.nintendo.com/list/goods/fashion/"")",78,任天 公式 ｵﾝ ﾗｲﾝ ｽﾄｱ ﾌｧｯｼｮﾝ ﾍﾟｰｼﾞ ﾊﾞﾘｴｰｼｮﾝ 商品 用意 し い
78,ファッション,【WWDJAPAN】最新ファッション＆ビューティ情報,国内・海外の最新ファッション＆ビューティ・トレンドをはじめ、業界ニュースをいち早くお届け。最新コレクションやスナップ、キャリア情報まで、全てを網羅！,"=HYPERLINK(""https://www.wwdjapan.com/"")",79,国内 海外 最新 ﾌｧｯｼｮﾝ ﾋﾞｭｰﾃｨ ﾄﾚﾝﾄﾞ はじめ 業界 ﾆｭｰｽ 届け 最新 ｺﾚｸｼｮﾝ ｽﾅｯﾌﾟ ｷｬﾘｱ 情報 全て 網羅
80,ファッション,阪急百貨店公式通販 Hankyu FASHION,【阪急百貨店公式通販サイト】レディースのTOPページです。HANKYU FASHIONは、阪急百貨店で取り扱う人気ブランドのレディースファッションをご購入いただける通販サイトです。阪急阪神百貨店のカードが使えてお得にお買い物が可能！,"=HYPERLINK(""https://web.hh-online.jp/fashion/"")",81,阪急 百貨 公式 通販 ｻｲﾄ ﾚﾃﾞｨｰｽ TOP ﾍﾟｰｼﾞ HANKYU FASHION 阪急 百貨 取り扱う 人気 ﾌﾞﾗﾝﾄﾞ ﾚﾃﾞｨｰｽ ﾌｧｯｼｮﾝ 購入 いただける 通販 ｻｲﾄ 阪急 阪神 百貨 ｶｰﾄﾞ 使え 得 買い物
81,ファッション,ウィメンズコレクション一覧 - ファッションプレス,ウィメンズコレクションをまとめて紹介。ファッションプレスでは、 ウィメンズコレクション以外にも、国内外の人気ブランドの最新コレクションを掲載・配信しています。,"=HYPERLINK(""https://www.fashion-press.net/collections/search/womens"")",82,ｳｨﾒﾝｽﾞ ｺﾚｸｼｮﾝ まとめ 紹介 ﾌｧｯｼｮﾝ ﾌﾟﾚｽ ｳｨﾒﾝｽﾞ ｺﾚｸｼｮﾝ 以外 国内外 人気 ﾌﾞﾗﾝﾄﾞ 最新 ｺﾚｸｼｮﾝ 掲載 配信 し い
82,ファッション,レディースファッション通販｜RUNWAY channel ...,レディースファッション通販サイトRUNWAY channel【ランウェイチャンネル】。dazzlin(ダズリン)、EMODA(エモダ)、MERCURYDUO(マーキュリーデュオ)、MURUA(ムルーア)、Ungrid(アングリッド)等の公式ファッション通販ならではの豊富な品揃え！,"=HYPERLINK(""https://runway-webstore.com/"")",83,ﾚﾃﾞｨｰｽ ﾌｧｯｼｮﾝ 通販 ｻｲﾄ RUNWAY channel ﾗﾝ ｳｪｲ ﾁｬﾝﾈﾙ dazzlin ﾀﾞｽﾞ ﾘﾝ EMODA ｴﾓﾀﾞ MERCURYDUO ﾏｰｷｭﾘｰ ﾃﾞｭｵ MURUA ﾑﾙｰｱ Ungrid ｱﾝ ｸﾞﾘｯﾄﾞ 公式 ﾌｧｯｼｮﾝ 通販 品揃え
83,ファッション,ファッション- 通販・テレビショッピングのショップチャンネル,ファッション情報はこちら。人気のブランドはもちろん、注目のファッションアイテムを多数ご案内します。,"=HYPERLINK(""https://www.shopch.jp/ap/fashion"")",84,ﾌｧｯｼｮﾝ 情報 人気 ﾌﾞﾗﾝﾄﾞ 注目 ﾌｧｯｼｮﾝ ｱｲﾃﾑ 多数 案内 し
84,ファッション,ファッション | PLAZA ONLINE STORE - プラザオンライン ...,ファッション. さらに絞りこむ. キャップ/ハット · バッグ · ポーチ · アスレチックウェア · Tシャツ/スウェット/シャツ · スカート ...,"=HYPERLINK(""https://www.plazastyle.com/ec/srDispCategoryTreeLink/doSearchCategory/11030000000/04-05/2/1"")",85,ﾌｧｯｼｮﾝ 絞りこむ ｷｬｯﾌﾟ ﾊｯﾄ ﾊﾞｯｸﾞ ﾎﾟｰﾁ ｱｽﾚﾁｯｸ ｳｪｱ T ｼｬﾂ ｽｳｪｯﾄ ｼｬﾂ ｽｶｰﾄ
85,ファッション,ファッションセンターしまむら,ファッションセンターしまむら公式ウェブサイト。日常普段着 -デイリーファッション- を便利なロケーションと快適な売場、しかも気軽に買物が出来るお安い価格で提供します。,"=HYPERLINK(""https://www.shimamura.gr.jp/shimamura/"")",86,ﾌｧｯｼｮﾝ ｾﾝﾀｰ しまむら 公式 ｳｪﾌﾞｻｲﾄ 日常 普段 ﾃﾞｲﾘｰ ﾌｧｯｼｮﾝ 便利 ﾛｹｰｼｮﾝ 快適 売場 買物 出来る 安い 価格 提供 し
86,ファッション,秋冬コーデの参考にも！ ファッションが魅力的な,そこで今回は、おしゃれなキャラクターをピックアップしました！ マンネリ化しやすいオフィススタイルからカジュアルスタイルまでご紹介。秋冬に向けて、ファッションに彩りをプラスしてみてはいかがでしょうか。,"=HYPERLINK(""https://news.yahoo.co.jp/articles/9b1d94861a43152601953c78860badf705702bf6"")",87,今回 おしゃれ ｷｬﾗｸﾀｰ ﾋﾟｯｸｱｯﾌﾟ し ﾏﾝﾈﾘ し ｵﾌｨｽ ｽﾀｲﾙ ｶｼﾞｭｱﾙ ｽﾀｲﾙ 紹介 秋冬 向け ﾌｧｯｼｮﾝ 彩り ﾌﾟﾗｽ し み
87,ファッション,Fashion - ファッション - VOGUE,ファッション誌『VOGUE JAPAN』の公式サイト。世界のファッションやコレクションをはじめ、ファッションモデルやビューティ、ジュエリーなど、ファッショントレンド、コーディネートをご紹介。海外セレブやモデルのスナップ写真も掲載。,"=HYPERLINK(""https://www.vogue.co.jp/fashion"")",88,ﾌｧｯｼｮﾝ VOGUE JAPAN 公式 ｻｲﾄ 世界 ﾌｧｯｼｮﾝ ｺﾚｸｼｮﾝ はじめ ﾌｧｯｼｮﾝ ﾓﾃﾞﾙ ﾋﾞｭｰﾃｨ ｼﾞｭｴﾘｰ ﾌｧｯｼｮﾝ ﾄﾚﾝﾄﾞ ｺｰﾃﾞｨﾈｰﾄ 紹介 海外 ｾﾚﾌﾞ ﾓﾃﾞﾙ ｽﾅｯﾌﾟ 写真 掲載
88,ファッション,"アマゾン: Amazon | 本, ファッション, 家電から食品まで","Amazon.co.jp 公式サイト。アマゾンで本, 日用品, ファッション, 食品, ベビー用品, カー用品ほか一億種の商品をいつでもお安く。通常配送無料(一部を除く)","=HYPERLINK(""https://www.amazon.co.jp/"")",89,Amazon co jp 公式 ｻｲﾄ ｱﾏｿﾞﾝ 日用 ﾌｧｯｼｮﾝ 食品 ﾍﾞﾋﾞｰ ｶｰ ほか 一 億 種 商品 安く 通常 配送 無料 一部 除く
89,ファッション,カテゴリから探す 「ファッション」 | ショップガイド - 光が丘 ...,都営地下鉄大江戸線「光が丘駅」直結、光が丘IMA「ファッション」のショップガイドです。,"=HYPERLINK(""https://www.ima-hikarigaoka.jp/shopguide/?category=fashion"")",90,都営 地下 江戸 光が丘 駅 直結 光が丘 IMA ﾌｧｯｼｮﾝ ｼｮｯﾌﾟ ｶﾞｲﾄﾞ
90,ファッション,アウトレットファッション通販 『BRANDELI』,アウター; トップス; ワンピース; スカート; パンツ; スポーツウェア; レッグウェア; インナー; シューズ; バッグ; ファッション小物; アクセサリー; 水着; ライフスタイルグッズ; 福袋. レディース; メンズ; キッズ; 大きいサイズ. カテゴリをもっと見る ...,"=HYPERLINK(""https://www.brandeli.com/"")",91,ｱｳﾀｰ ﾄｯﾌﾟｽ ﾜﾝ ﾋﾟｰｽ ｽｶｰﾄ ﾊﾟﾝﾂ ｽﾎﾟｰﾂ ｳｪｱ ﾚｯｸﾞ ｳｪｱ ｲﾝﾅｰ ｼｭｰｽﾞ ﾊﾞｯｸﾞ ﾌｧｯｼｮﾝ 小物 ｱｸｾｻﾘｰ 水着 ﾗｲﾌｽﾀｲﾙ ｸﾞｯｽﾞ 福袋 ﾚﾃﾞｨｰｽ ﾒﾝｽﾞ ｷｯｽﾞ 大きい ｻｲｽﾞ ｶﾃｺﾞﾘ 見る
91,ファッション,今週のファッションチェック＞鷲見玲奈 カシュクールワンピ ...,大型ファッションイベント「第33回 マイナビ 東京ガールズコレクション 2021 AUTUMN/WINTER」に登場した鷲見玲奈さん ... かのん）さん、鈴木愛理さん、中条あやみさん、Nikiさん、藤井サチさん、愛花（えりか）さんらが華やかなファッションで登場した。,"=HYPERLINK(""https://news.yahoo.co.jp/articles/1eea067efb9ca63616096758b8ec7f9433f5d6ab"")",92,大型 ﾌｧｯｼｮﾝ ｲﾍﾞﾝﾄ 0 回 ﾏｲ ﾅﾋﾞ 東京 ｶﾞｰﾙｽﾞ ｺﾚｸｼｮﾝ 0 AUTUMN WINTER 登場 し 鷲見 玲奈 鈴木 愛理 中条 やみ Niki 藤井 ｻﾁ 愛花 えりか ﾌｧｯｼｮﾝ 登場 し
92,ファッション,＜今週のファッションチェック＞藤井サチ ViViモデルが美脚 ...,1週間の女性有名人のファッションを紹介する「今週のファッションチェック」。今回（8月31日～9月6日）は、藤井サチさん、“めるる”こと生見愛瑠（ぬくみ・める）さん、三吉彩花さん、香音（かのん）さん.,"=HYPERLINK(""https://news.yahoo.co.jp/articles/635ee3c4e18e766a3ad1ea9fece77cf85f9eb699"")",93,0 週間 女性 ﾌｧｯｼｮﾝ 紹介 する 今週 ﾌｧｯｼｮﾝ ﾁｪｯｸ 今回 0 月 0 0 月 0 藤井 ｻﾁ るる こと 見 愛 瑠 ぬくみ め 三吉 彩花 香音
93,ファッション,ファッション通販のhaco! | ハコ！毎日のお洋服と明日の ...,ファッション通販のhaco!（ハコ）は、わたしたちの毎日が、そして明日が、昨日よりちょっとびっくりできる、そんなお洋服や雑貨、プロジェクトがたっぷりつまったツーハンサイトです。,"=HYPERLINK(""https://www.haco.jp/"")",94,ﾌｧｯｼｮﾝ 通販 haco ﾊｺ 毎日 明日 昨日 びっくり できる 洋服 雑貨 ﾌﾟﾛｼﾞｪｸﾄ つまっ ﾂｰﾊﾝｻｲﾄ
94,ファッション,Amazonファッションタイムセール祭りでビジネスバッグが ...,Amazonは9月13日（月）23:59までファッションタイムセール祭りを開催中です。,"=HYPERLINK(""https://japanese.engadget.com/amazon-sale-044840322.html"")",95,Amazon 0 月 0 月 0 0 ﾌｧｯｼｮﾝ ﾀｲﾑ ｾｰﾙ 祭り 開催
95,ファッション,Amazon ファッションタイムセール祭り - アマゾン,Amazonファッションタイムセール祭りとはAmazonが開催する計63時間のビッグセール。定番ファッションからトレンドまで、ヘアケア用品からスキンケア、コスメまで、お得な価格で人気商品を数多く取り揃え。さらに数億種類の商品を対象としたポイントアップ ...,"=HYPERLINK(""https://www.amazon.co.jp/b?ie=UTF8&node=8514009051"")",96,Amazon ﾌｧｯｼｮﾝ ﾀｲﾑ ｾｰﾙ 祭り Amazon 開催 する 0 時間 ｾｰﾙ 定番 ﾌｧｯｼｮﾝ ﾄﾚﾝﾄﾞ ﾍｱ ｹｱ ｽｷﾝ ｹｱ ｺｽﾒ 得 価格 人気 商品 取り揃え 数 億 種類 商品 対象 し ﾎﾟｲﾝﾄ ｱｯﾌﾟ
96,ファッション,レディースファッション通販 Re:EDIT‐リエディ,レディースファッション通販 Re:EDIT‐リエディのファッション通販サイト。強く、気品高く、輝く女性に寄り添うサステナブルかつエシカルなトレンドファッションアイテムが購入できる20代・30代・40代へ向けたファッション通販サイトです。,"=HYPERLINK(""https://reedit.jp/"")",97,ﾚﾃﾞｨｰｽ ﾌｧｯｼｮﾝ 通販 Re EDIT ﾘｴﾃﾞｨ ﾌｧｯｼｮﾝ 通販 ｻｲﾄ 強く 気品 高く 輝く 女性 寄り添う ｻｽﾃﾅﾌﾞﾙ ｴｼｶﾙ ﾄﾚﾝﾄﾞ ﾌｧｯｼｮﾝ ｱｲﾃﾑ 購入 できる 0 代 0 代 0 代 向け ﾌｧｯｼｮﾝ 通販 ｻｲﾄ
97,ファッション,ファッション イン ジャパン 1945-2020 —流行と社会 ...,国立新美術館、島根県立石見美術館、読売...,"=HYPERLINK(""https://fij2020.jp/"")",98,国立 美術 島根 県立 石見 美術 読売
