,Unnamed: 0,site_name,URL,snippet,target
0,0,ペット - Wikipedia,https://ja.wikipedia.org/wiki/%E3%83%9A%E3%83%83%E3%83%88,ペットは、人の心を和ませたり楽しませてくれる、といった理由で飼われる動物である。人はペットとの様々なやり取りを楽しんだり、その姿や鳴き声などを鑑賞したりする。 ペットは生命をもった ...‎Category:ペット · ‎ペットロス症候群 · ‎ペット・ロック · ‎ペット供養,ﾍﾟｯﾄ 人 心 和ま 楽しま くれる いっ 理由 飼わ 動物 ある 人 ﾍﾟｯﾄ やり取り 楽しん 姿 鳴き声 鑑賞 し する ﾍﾟｯﾄ 生命 もっ Category ﾍﾟｯﾄ ﾍﾟｯﾄ ﾛｽ 症候 群 ﾍﾟｯﾄ ﾛｯｸ ﾍﾟｯﾄ 供養
1,1,人気ランキング | ペットショップのコジマ,https://pets-kojima.com/ranking/,子犬や子猫などのペットの販売専門店ペットショップコジマオフィシャルサイト。人気のダックスフント、チワワ、トイ・プードルなどの犬、アメリカンショートヘア、スコティッシュフォールド、アビシニアンなどの猫、ハムスター、ウサギなどの小動物を紹介 ...‎ハーフ・MIX犬の子犬たち · ‎柴犬 · ‎トイ・プードル · ‎ビション・フリーゼ,子犬 子猫 ﾍﾟｯﾄ 販売 専門 ﾍﾟｯﾄｼｮｯﾌﾟｺｼﾞﾏｵﾌｨｼｬﾙｻｲﾄ 人気 ﾀﾞｯｸｽﾌﾝﾄ ﾁﾜﾜ ﾄｲ ﾌﾟｰﾄﾞﾙ 犬 ｱﾒﾘｶﾝ ｼｮｰﾄ ﾍｱ ｽｺﾃｨｯｼｭﾌｫｰﾙﾄﾞ ｱﾋﾞｼﾆｱﾝ 猫 ﾊﾑｽﾀｰ ｳｻｷﾞ 動物 紹介 ﾊｰﾌ MIX 犬 子犬 柴犬 ﾄｲ ﾌﾟｰﾄﾞﾙ ﾋﾞｼｮﾝ ﾌﾘｰ
2,2,人気ランキング | ペットショップのコジマ,https://pets-kojima.com/ranking/,子犬や子猫などのペットの販売専門店ペットショップコジマオフィシャルサイト。人気のダックスフント、チワワ、トイ・プードルなどの犬、アメリカンショートヘア、スコティッシュフォールド、アビシニアンなどの猫、ハムスター、ウサギなどの小動物を紹介 ...‎ハーフ・MIX犬の子犬たち · ‎柴犬 · ‎トイ・プードル · ‎ビション・フリーゼ,子犬 子猫 ﾍﾟｯﾄ 販売 専門 ﾍﾟｯﾄｼｮｯﾌﾟｺｼﾞﾏｵﾌｨｼｬﾙｻｲﾄ 人気 ﾀﾞｯｸｽﾌﾝﾄ ﾁﾜﾜ ﾄｲ ﾌﾟｰﾄﾞﾙ 犬 ｱﾒﾘｶﾝ ｼｮｰﾄ ﾍｱ ｽｺﾃｨｯｼｭﾌｫｰﾙﾄﾞ ｱﾋﾞｼﾆｱﾝ 猫 ﾊﾑｽﾀｰ ｳｻｷﾞ 動物 紹介 ﾊｰﾌ MIX 犬 子犬 柴犬 ﾄｲ ﾌﾟｰﾄﾞﾙ ﾋﾞｼｮﾝ ﾌﾘｰ
3,3,ペットショップのコジマ,https://pets-kojima.com/,子犬や子猫などのペットの販売専門店、ペットショップのコジマです。東京都内をはじめ、全国にペットショップを展開しています。ペットと人との素敵なライフスタイル創りをお手伝いします。,子犬 子猫 ﾍﾟｯﾄ 販売 専門 ﾍﾟｯﾄ ｼｮｯﾌﾟ ｺｼﾞﾏ 東京 都内 はじめ 全国 ﾍﾟｯﾄ ｼｮｯﾌﾟ 展開 し い ﾍﾟｯﾄ 人 ﾗｲﾌｽﾀｲﾙ 創り 手伝い し
4,4,ペットの里親募集情報 :: ペットのおうち【月間利用者150万人 ...,https://www.pet-home.jp/,「ペットのおうち」は全国のペット里親募集情報サイトです。飼い主が止むを得ず手放さないといけないペットや保護活動者が保護しているペットなどの里親募集情報が全国から届きます。里親になりたいと考えている方と飼い主を探すペットの出会いの場 ...,ﾍﾟｯﾄ うち 全国 ﾍﾟｯﾄ 里親 募集 情報 ｻｲﾄ 飼い主 止む 得 手放さ いけ ﾍﾟｯﾄ 保護 活動 保護 し いる ﾍﾟｯﾄ 里親 募集 情報 全国 届き 里親 なり 考え いる 方 飼い主 探す ﾍﾟｯﾄ 出会い 場
5,5,ペットショップ「Coo＆RIKU」｜全国に200店舗以上,https://www.pet-coo.com/,一人でも多くの方にワンちゃんネコちゃんと暮らす幸せを」をモットーに、全国に店舗を展開するペットショップ「Coo＆RIKU」のホームページです。ワンちゃんネコちゃんの画像・動画を多数公開中。出産情報・生命保障制度・各店舗情報もご覧いただけます。,一人 多く 方 ﾜﾝ ﾈｺ 暮らす 幸せ ﾓｯﾄｰ 全国 店舗 展開 する ﾍﾟｯﾄ ｼｮｯﾌﾟ Coo RIKU ﾎｰﾑ ﾍﾟｰｼﾞ ﾜﾝ ﾈｺ 画像 動画 多数 公開 出産 情報 生命 保障 制度 店舗 情報 ご覧 いただけ
6,6,ペットについて（総合） - 大阪市,https://www.city.osaka.lg.jp/kenko/page/0000007325.html,ペットについて（総合）. 2020年12月2日. ページ番号：7325. あなたのペットは他人に迷惑をかけていませんか？ルールとマナーを守り、動物の適正な管理を心がけましょう。 犬の登録 · 狂犬病予防注射 · 愛犬の登録と狂犬病予防注射 · 飼い犬が死んだ ...,ﾍﾟｯﾄ つい 総合 0 年 0 月 0 ﾍﾟｰｼﾞ 番号 0 ﾍﾟｯﾄ 他人 迷惑 かけ い ﾙｰﾙ ﾏﾅｰ 守り 動物 管理 心がけ 犬 登録 狂犬 予防 注射 愛犬 登録 狂犬 予防 注射 飼い犬 死ん
7,7,ペットについて（総合） - 大阪市,https://www.city.osaka.lg.jp/kenko/page/0000007325.html,ペットについて（総合）. 2020年12月2日. ページ番号：7325. あなたのペットは他人に迷惑をかけていませんか？ルールとマナーを守り、動物の適正な管理を心がけましょう。 犬の登録 · 狂犬病予防注射 · 愛犬の登録と狂犬病予防注射 · 飼い犬が死んだ ...,ﾍﾟｯﾄ つい 総合 0 年 0 月 0 ﾍﾟｰｼﾞ 番号 0 ﾍﾟｯﾄ 他人 迷惑 かけ い ﾙｰﾙ ﾏﾅｰ 守り 動物 管理 心がけ 犬 登録 狂犬 予防 注射 愛犬 登録 狂犬 予防 注射 飼い犬 死ん
8,8,子犬・子猫専門ペットショップはPetPlus（ペットプラス）,https://www.ahb.jpn.com/,PetPlus（ペットプラス）のホームページへようこそ。全国でペットショップを運営している株式会社AHBの子犬・子猫の販売サイトです。毎日新着のワンちゃん・ネコちゃんを掲載しています.,PetPlus ﾍﾟｯﾄ ﾌﾟﾗｽ ﾎｰﾑ ﾍﾟｰｼﾞ よう 全国 ﾍﾟｯﾄ ｼｮｯﾌﾟ 運営 し いる 株式 会社 AHB 子犬 子猫 販売 ｻｲﾄ 毎日 新着 ﾜﾝ ﾈｺ 掲載 し い
9,9,ペット検索 - 犬の家&猫の里,https://dognoie.com/pet/,"トップ; ペット検索. よく見られている子. こだわり検索. ペットの種類で絞り込む. すべて ワンちゃん ネコちゃん. さらにこだわって検索. 店舗名. こだわらない, 豊川インター店, 愛知刈谷店, 春日井本店, MEGAドン・キホーテ東海名和店, イオン小牧店 ...",ﾄｯﾌﾟ ﾍﾟｯﾄ 検索 見 いる 子 こだわり 検索 ﾍﾟｯﾄ 種類 絞り込む すべて ﾜﾝ ﾈｺ こだわっ 検索 店舗 名 こだわら 豊川 ｲﾝﾀｰ 愛知 刈谷 春日井 本店 MEGA ﾄﾞﾝ ｷﾎｰﾃ 東海 名和 ｲｵﾝ 小牧
10,10,ペット宿ドットコム,https://petyado.com/,ペット宿ドットコム公式ホームページ。ペットと泊まれる宿・犬と泊まれる宿・犬と宿泊できるペット宿を紹介しているpet宿.com ペット宿.com（ペット宿ドットコム）。温泉旅館・ペンション・ホテルなどを紹介するペットと旅行するための総合情報サイトです ...,ﾍﾟｯﾄ 宿 ﾄﾞｯﾄ ｺﾑ 公式 ﾎｰﾑ ﾍﾟｰｼﾞ ﾍﾟｯﾄ 泊まれる 宿 犬 泊まれる 宿 犬 宿泊 できる ﾍﾟｯﾄ 宿 紹介 し いる pet 宿 com ﾍﾟｯﾄ 宿 com ﾍﾟｯﾄ 宿 ﾄﾞｯﾄ ｺﾑ 温泉 旅館 ﾍﾟﾝｼｮﾝ ﾎﾃﾙ 紹介 する ﾍﾟｯﾄ 旅行 する ため 総合 情報 ｻｲﾄ
11,11,TVアニメ・舞台「pet」公式サイト,https://pet-anime.com/,三宅乱丈『ペット リマスター・エディション』（ビームコミックス／KADOKAWA刊）がアニメ化＆舞台化。アニメはTOKYO MX 毎週月曜22:00～BS11、AT-Xほかにて 2020年1月6日(月)より好評放送中 Amazon Prime Video にて日本・海外独占配信！,三宅 乱 丈 ﾍﾟｯﾄ ﾘﾏｽﾀｰ ｴﾃﾞｨｼｮﾝ ﾋﾞｰﾑ ｺﾐｯｸｽ KADOKAWA ｱﾆﾒ 舞台 ｱﾆﾒ TOKYO MX 毎週 月曜 0 0 BS 0 AT X ほか 0 年 0 月 0 月 好評 放送 Amazon Prime Video 日本 海外 独占 配信
12,12,「ペット」の検索結果 - 【楽天市場】ジャンルトップ一覧 ...,https://search.rakuten.co.jp/search/mall/%E3%83%9A%E3%83%83%E3%83%88/,楽天市場-「ペット」3763556件 人気の商品を価格比較・ランキング･レビュー・口コミで検討できます。ご購入でポイント取得がお得。セール商品・送料無料商品も多数。「あす楽」なら翌日お届けも可能です。,楽天 市場 ﾍﾟｯﾄ 0 件 人気 商品 価格 比較 ﾗﾝｷﾝｸﾞ ﾚﾋﾞｭｰ 口ｺﾐ 検討 でき 購入 ﾎﾟｲﾝﾄ 取得 得 ｾｰﾙ 商品 送料 無料 商品 多数 あす 楽 翌日 届け
13,13,大阪会場・HOME | Pet博,http://www.pethaku.com/osaka/,1994年に大阪で始まった国内最大級のペットとペット関連用品の総合イベント。毎年かわいいペット、珍しいペットの展示や、ペットフード・関連グッズ・関連サービスなど多くの企業の出展ブースとともに、ペットファンが楽しめるイベントやコーナーも多数 ...会 場： インテックス大阪4号館; 大阪市住之江区南...入 場 料（ 予 定 ）-->： 【 大 人（中学生以上） 】 前売...会 期： 2021年9月18日（土）～20日（月・祝）; 10：...お 問 合 せ： Pet博運営事務局 〒540-8519 大阪...,0 年 大阪 始まっ 国内 最大 ﾍﾟｯﾄ ﾍﾟｯﾄ 関連 総合 ｲﾍﾞﾝﾄ 毎年 かわいい ﾍﾟｯﾄ 珍しい ﾍﾟｯﾄ 展示 ﾍﾟｯﾄ ﾌｰﾄﾞ 関連 ｸﾞｯｽﾞ 関連 ｻｰﾋﾞｽ 多く 企業 出展 ﾌﾞｰｽ とも ﾍﾟｯﾄ ﾌｧﾝ 楽しめる ｲﾍﾞﾝﾄ ｺｰﾅｰ 多数 会 ｲﾝ ﾃｯｸｽ 大阪 0 号 大阪 市 住之江 区 南 入 人 中学 以上 前売 会 期 0 年 0 月 0 土 0 月 祝 0 問 Pet 運営 事務 局 0 0 大阪
14,14,ペットショップのワンラブ 写真と動画でご紹介,https://www.pet-onelove.com/,子犬や子猫などのペットの販売専門店。ペットショップディーラーワンラブグループは、全国1都1道2府36県で160店舗を展開する信頼と安心の総合ペットショップ。常時5000頭以上の可愛い子犬達や、子猫達が皆様のご来店をお待ち致しております。店舗： お選びください愛知県――全部 ├ 星崎店 ├ ...毛質： お選びくださいスムース【短毛】スムースコー...価格帯： お選びください セールの子 ～5万円未満 ...表示順： お選びください 安い順 生後順 新着順,子犬 子猫 ﾍﾟｯﾄ 販売 専門 ﾍﾟｯﾄｼｮｯﾌﾟﾃﾞｨｰﾗｰﾜﾝﾗﾌﾞｸﾞﾙｰﾌﾟ 全国 0 都 0 道 0 府 0 県 0 店舗 展開 する 信頼 安心 総合 ﾍﾟｯﾄ ｼｮｯﾌﾟ 常時 0 以上 可愛い 子犬 子猫 皆 来店 待ち 致し おり 店舗 選び ください 愛知 県 全部 星崎 毛質 選び ください 短毛 価格 選び ください ｾｰﾙ 子 0 万 円 未満 表示 順 選び ください 安い 順 生後 順 着順
15,15,ペットワールド アミーゴ,https://amigo-pet.co.jp/,ペット専門店アミーゴオフィシャルサイト。わんちゃん、ねこちゃんを中心に、小動物、鳥、爬虫類、昆虫、熱帯魚まで扱う総合ペットショップ。ペットフード、ペット用品の販売、トリミング、ペットホテルも充実。全国展開中（中国、四国、関西、東海、 ...,ﾍﾟｯﾄ 専門 ｱﾐｰｺﾞ ｻｲﾄ ねこ 中心 動物 鳥 爬虫 昆虫 熱帯 扱う 総合 ﾍﾟｯﾄ ｼｮｯﾌﾟ ﾍﾟｯﾄ ﾌｰﾄﾞ ﾍﾟｯﾄ 販売 ﾄﾘﾐﾝｸﾞ ﾍﾟｯﾄ ﾎﾃﾙ 充実 全国 展開 中国 四国 関西 東海
16,16,ペット・動物 | 東大阪市,http://www.city.higashiosaka.lg.jp/category/14-9-0-0-0.html,ペット・動物. 飼い犬・飼い猫・メジロなどに関すること ... 用リーフレット) [2021年3月30日]; 放し飼いは絶対にダメ！(啓発用リーフレット) [2021年3月30日]; 登録と狂犬病予防注射・災害からペットを守るために(啓発用リーフレット) [2021年3月30日] ...,ﾍﾟｯﾄ 動物 飼い犬 飼い猫 ﾒｼﾞﾛ 関する こと 用 ﾘｰﾌﾚｯﾄ 0 年 0 月 0 放し飼い 絶対 ﾀﾞﾒ 啓発 ﾘｰﾌﾚｯﾄ 0 年 0 月 0 登録 狂犬 予防 注射 災害 ﾍﾟｯﾄ 守る ため 啓発 ﾘｰﾌﾚｯﾄ 0 年 0 月 0
17,17,ペットショップ ケン & ワン | 大阪府堺市を中心に全国に展開 ...,http://www.ken-one.net/,ペットショップ「ケン＆ワン」は大阪府堺市を中心に全国に展開し地域No.1を目指しています。かわいいワンちゃんやネコちゃんを多数取り揃えておりますので、ぜひ会いに来て下さい。,ﾍﾟｯﾄ ｼｮｯﾌﾟ ｹﾝ ﾜﾝ 大阪 府 堺 市 中心 全国 展開 し 地域 No 0 目指し い かわいい ﾜﾝ ﾈｺ 多数 取り揃え おり 会い 来 下さい
18,18,ペット : 作品情報 - 映画.com,https://eiga.com/movie/82613/,2016/08/11 — ペットの作品情報。上映スケジュール、映画レビュー、予告動画。「ミニオンズ」のイルミネーション・エンターテインメントとユニバーサル・スタジオがタッグを組んだ長編アニメーションで... 評価: 3.3 · ‎200 件のレビュー,0 0 0 ﾍﾟｯﾄ 作品 情報 上映 ｽｹｼﾞｭｰﾙ 映画 ﾚﾋﾞｭｰ 予告 動画 ﾐﾆ ｵﾝｽﾞ ｲﾙﾐﾈｰｼｮﾝ ｴﾝﾀｰﾃｲﾝﾒﾝﾄ ｽﾀｼﾞｵ ﾀｯｸﾞ 組ん 長編 ｱﾆﾒｰｼｮﾝ 評価 0 0 0 件 ﾚﾋﾞｭｰ
19,19,ペット用品の通販サイト ペピイ（PEPPY）,https://www.peppynet.com/,ペット用品の通販サイト ペピイ（PEPPY）公式HP【スマホ対応】。ドッグフード・キャットフードをはじめとしたペット用品通販やペットのお役立ち情報、ペットの施設検索など、ペットの総合情報サイトです。,ﾍﾟｯﾄ 通販 ｻｲﾄ ﾍﾟﾋﾟｲ PEPPY 公式 HP ｽﾏﾎ 対応 ﾄﾞｯｸﾞﾌｰﾄﾞ･ｷｬｯﾄﾌｰﾄﾞ はじめ し ﾍﾟｯﾄ 通販 ﾍﾟｯﾄ 役立ち 情報 ﾍﾟｯﾄ 施設 検索 ﾍﾟｯﾄ 総合 情報 ｻｲﾄ
20,20,【公式】埼玉のペット火葬・葬儀・納骨なら武蔵野ペット霊園,https://www.musashinopetreien.com/,武蔵野ペット霊園公式ホームページ。埼玉のペット火葬・葬儀・納骨・供養。小動物～大型犬まで対応した1975年創業の伝統あるペット霊園。他所にて火葬されたご遺骨もお預かり（納骨のみも可）。ペット霊園についてご不明なことは何なりとご相談ください。,武蔵野 ﾍﾟｯﾄ 霊園 公式 ﾎｰﾑ ﾍﾟｰｼﾞ 埼玉 ﾍﾟｯﾄ 火葬 葬儀 納骨 供養 動物 大型 対応 し 0 年 創業 伝統 ある ﾍﾟｯﾄ 霊園 他所 火葬 さ 遺骨 預かり 納骨 可 ﾍﾟｯﾄ 霊園 つい 不明 こと 相談 ください
21,21,ペットフード ペット用品 | Amazon | アマゾン,https://www.amazon.co.jp/%E3%83%9A%E3%83%83%E3%83%88%E3%83%95%E3%83%BC%E3%83%89-%E3%83%9A%E3%83%83%E3%83%88%E7%94%A8%E5%93%81/b?ie=UTF8&node=2127212051,ペットフード・ペット用品ならAmazon.co.jp。ドッグフード、キャットフード、猫砂、ペットシートなどの重たい、かさばるものもご自宅までお届け。ケージ、首輪なども豊富。配送料無料(一部除く)。,ﾍﾟｯﾄ ﾌｰﾄﾞ ﾍﾟｯﾄ Amazon co jp ﾄﾞｯｸﾞ ﾌｰﾄﾞ ｷｬｯﾄ ﾌｰﾄﾞ 猫砂 ﾍﾟｯﾄ ｼｰﾄ 重たい かさばる もの 自宅 届け ｹｰｼﾞ 首輪 配送 無料 一部 除く
22,22,イオンペット [AEON PET],https://www.aeonpet.com/,イオンペットは、動物と人間の幸せな共生社会の実現を目指します。ペットフード、ペット用品の販売のほか、トリミングサロン、ペットホテル、動物病院、しつけ教室他、ライフハウスなどを運営しております。,ｲｵﾝ ﾍﾟｯﾄ 動物 人間 幸せ 共生 社会 実現 目指し ﾍﾟｯﾄ ﾌｰﾄﾞ ﾍﾟｯﾄ 販売 ほか ﾄﾘﾐﾝｸﾞ ｻﾛﾝ ﾍﾟｯﾄ ﾎﾃﾙ 動物 病院 しつけ 教室 他 ﾗｲﾌ ﾊｳｽ 運営 し おり
23,23,ペット情報｜総合ペットショップ[PET FOREST] - ペット ...,http://www.petforest.co.jp/pet/,宇都宮インターパーク店とてもおしとやかな性格の白柴ちゃんがやって参りました♡. 詳細を見る. MIX犬 ミックス犬（トイプードル×チワワ）. 宇都宮インターパーク店お父さんがトイプードルでお母さんがチワワのミックス犬です♪.,宇都宮 ｲﾝﾀｰ ﾊﾟｰｸ 性格 白 柴 やっ 参り 詳細 見る MIX ﾐｯｸｽ ﾄｲ ﾌﾟｰﾄﾞﾙ ﾁﾜﾜ 宇都宮 ｲﾝﾀｰ ﾊﾟｰｸ 父 ﾄｲ ﾌﾟｰﾄﾞﾙ 母 ﾁﾜﾜ ﾐｯｸｽ
24,24,ペット - Y!きっず図鑑,https://kids.yahoo.co.jp/zukan/pet/,Yahoo!きっず図鑑の「ペット図鑑」だよ。犬や猫、金魚やハムスターなど、かわいいペットたちの特徴や飼い方を調べてみよう！ Yahoo!きっず図鑑は無料で使えるマルチメディア図鑑です。,Yahoo きっ 図鑑 ﾍﾟｯﾄ 図鑑 犬 猫 金魚 ﾊﾑｽﾀｰ かわいい ﾍﾟｯﾄ 特徴 飼い 調べ みよう Yahoo きっ 図鑑 無料 使える ﾏﾙﾁﾒﾃﾞｨｱ 図鑑
25,25,ペット - Y!きっず図鑑,https://kids.yahoo.co.jp/zukan/pet/,Yahoo!きっず図鑑の「ペット図鑑」だよ。犬や猫、金魚やハムスターなど、かわいいペットたちの特徴や飼い方を調べてみよう！ Yahoo!きっず図鑑は無料で使えるマルチメディア図鑑です。,Yahoo きっ 図鑑 ﾍﾟｯﾄ 図鑑 犬 猫 金魚 ﾊﾑｽﾀｰ かわいい ﾍﾟｯﾄ 特徴 飼い 調べ みよう Yahoo きっ 図鑑 無料 使える ﾏﾙﾁﾒﾃﾞｨｱ 図鑑
26,26,ペット | 通販・価格比較・製品情報,https://kakaku.com/pet/,ペットを買うなら、まずは価格.comペットをチェック！ 全国の通販サイトの販売価格情報をはじめ、スペック検索、クチコミ情報、ランキングなど、さまざまな視点から商品を比較・検討できます！,ﾍﾟｯﾄ 買う 価格 com ﾍﾟｯﾄ ﾁｪｯｸ 全国 通販 ｻｲﾄ 販売 価格 情報 はじめ ｽﾍﾟｯｸ 検索 ｸﾁｺﾐ 情報 ﾗﾝｷﾝｸﾞ 視点 商品 比較 検討 でき
27,27,ペットショップ P's-first  ペットを最優先に考えます,https://pfirst.jp/,ペットショップ P's-first（ペッツファースト／ピーズファースト)は子犬子猫専門ペットショップです。様々な種類の子犬や子猫達からお気に入りのペットを見つけてください。,ﾍﾟｯﾄ ｼｮｯﾌﾟ P s first ﾍﾟｯﾂﾌｧｰｽﾄ ﾋﾟｰｽﾞ ﾌｧｰｽﾄ 子犬 子猫 専門 ﾍﾟｯﾄ ｼｮｯﾌﾟ 種類 子犬 子猫 気 入り ﾍﾟｯﾄ 見つけ ください
28,28,ペットと泊まれる宿 - じゃらんnet,https://www.jalan.net/pet/,愛犬・ペットと一緒に泊まれる宿特集。わんちゃんに嬉しいサービスも充実！おすすめのお遊びスポットや、一緒に旅行する時のノウハウも紹介。大切なペットと泊まれる好みの宿を見つけてさっそく出かけましょ！,愛犬 ﾍﾟｯﾄ 一緒 泊まれる 宿 特集 嬉しい ｻｰﾋﾞｽ 充実 すすめ 遊び ｽﾎﾟｯﾄ 一緒 旅行 する 時 ﾉｳﾊｳ 紹介 ﾍﾟｯﾄ 泊まれる 好み 宿 見つけ 出かけ
29,29,ペット用品の通販 - アイリスプラザ,https://www.irisplaza.co.jp/index.php?KB=KAISO&CID=6,アイリスオーヤマの公式通販サイト【アイリスプラザ】の園芸ペット専門店・ペット一覧ページです。お客様のライフスタイルに合わせた各種園芸ペット専門店・ペットを多数ご紹介しております！標準順1ページ目6.,ｱｲﾘｽ ｵｰﾔﾏ 公式 通販 ｻｲﾄ ｱｲﾘｽ ﾌﾟﾗｻﾞ 園芸 ﾍﾟｯﾄ 専門 ﾍﾟｯﾄ 一覧 ﾍﾟｰｼﾞ 客 ﾗｲﾌｽﾀｲﾙ 合わせ 各種 園芸 ﾍﾟｯﾄ 専門 ﾍﾟｯﾄ 多数 紹介 し おり 標準 順 0 ﾍﾟｰｼﾞ 0
30,30,環境省_飼い主の方やこれからペットを飼う方へ [動物の愛護と ...,https://www.env.go.jp/nature/dobutsu/aigo/pickup/owner.html,ペットを飼う前に、ほんとうに飼い続けられるか、家族みんなで話し合いましょう。 そして、飼うことを決めたら、どこから手に入れるかよく考えましょう。方法としては、ペットショップやブリーダーから購入する ...,ﾍﾟｯﾄ 飼う 前 ほんとう 飼い 続け 家族 みんな 話し合い 飼う こと 決め 手 入れる 考え 方法 し ﾍﾟｯﾄ ｼｮｯﾌﾟ ﾌﾞﾘｰﾀﾞｰ 購入 する
31,31,ホーム＆キッチン・ペット 通販【全品無料配達】 - ヨドバシ,https://www.yodobashi.com/category/162842/,ホーム＆キッチン・ペットの通販ならヨドバシカメラの公式サイト「ヨドバシ.com」で！キッチン用品・食器やペットフード・ペット用品など人気の商品を多数取り揃えています。ご購入でゴールドポイント取得！今なら日本全国へ全品配達料金無料、即日・翌日 ...,ﾎｰﾑ ｷｯﾁﾝ ﾍﾟｯﾄ 通販 ﾖﾄﾞﾊﾞｼ ｶﾒﾗ 公式 ｻｲﾄ ﾖﾄﾞﾊﾞｼ com ｷｯﾁﾝ 食器 ﾍﾟｯﾄ ﾌｰﾄﾞ ﾍﾟｯﾄ 人気 商品 多数 取り揃え い 購入 ｺﾞｰﾙﾄﾞ ﾎﾟｲﾝﾄ 取得 今 日本 全国 全品 配達 料金 無料 即日 翌日
32,32,犬・猫のペット保険ならアイペット損保【23個のNo.1受賞】,https://www.ipet-ins.com/,ペット保険のアイペット損保公式サイト。全国すべての動物病院で利用可能。日々の通院から高額になりがちな手術まで充実補償。新規加入は12歳11か月まで。年齢が不明な場合は獣医師による推定年齢で加入OK！高年齢層の保険料が一律だから保険料を抑えられ ...・ペット保険のポイント： ・ペット保険申込書の記入例・重要事項説明書： ・返信用封筒,ﾍﾟｯﾄ 保険 ｱｲ ﾍﾟｯﾄ 損保 公式 ｻｲﾄ 全国 すべて 動物 病院 利用 日々 通院 高額 なり 手術 充実 補償 加入 0 0 か月 年齢 不明 場合 医師 よる 推定 年齢 加入 OK 年齢 層 保険 一律 保険 抑え ﾍﾟｯﾄ 保険 ﾎﾟｲﾝﾄ ﾍﾟｯﾄ 保険 申込 記入 例 事項 説明 返信 封筒
33,33,ペット大好き！｜ペット大好き！,https://www.petoffice.co.jp/,ワールドペットニュース. 配達員が荷物を届けた家の猫を盗む. 2021.09.17. 配達員が荷物を届けた家の猫を盗む · 首に心臓をもつ子ヤギ。小さな命を守る夫妻との温かい. 2021.09.15. 首に心臓をもつ子ヤギ。小さな命を守る夫妻との温かい絆.,ﾜｰﾙﾄﾞ ﾍﾟｯﾄ ﾆｭｰｽ 配達 荷物 届け 家 猫 盗む 0 0 0 配達 荷物 届け 家 猫 盗む 首 心臓 もつ 子ﾔｷﾞ 命 守る 夫妻 温かい 0 0 0 首 心臓 もつ 子ﾔｷﾞ 命 守る 夫妻 温かい 絆
34,34,『ペット2』2019.12.4[Wed] リリース - NBCユニバーサル ...,https://www.nbcuni.co.jp/movie/sp/pets2/,『ペット2』2019.12.4[Wed] リリース. 商品ページ · HOME. 『ペット2』2019.12.4[Wed] リリース. ご購入はこちら. amazon; HMV ONLINE; セブンネットショッピング; 楽天ブックス; TSUTAYA. NBCユニバーサル アジア. 141K subscribers.2019/12/04 · アップロード元: NBCユニバーサル アジア,ﾍﾟｯﾄ 0 0 0 0 Wed ﾘﾘｰｽ 商品 ﾍﾟｰｼﾞ HOME ﾍﾟｯﾄ 0 0 0 0 Wed ﾘﾘｰｽ 購入 amazon HMV ONLINE ｾﾌﾞﾝ ﾈｯﾄ ｼｮｯﾋﾟﾝｸﾞ 楽天 ﾌﾞｯｸｽ TSUTAYA NBC ｱｼﾞｱ 0 K subscribers 0 0 0 ｱｯﾌﾟﾛｰﾄﾞ 元 NBC ｱｼﾞｱ
35,35,保険料かんたんお見積り - ペット保険 | SBIいきいき少額短期保険,https://www.i-sedai.com/pet/apply/estimate.html,SBIいきいき少額短期保険の「ペット保険」保険料をかんたんお見積り！SBIいきいき少額短期保険「ペット保険」の保険料は業界最安水準、11歳11か月までお申し込み可能です。小型犬・3歳・プラン50ライトなら月々たったの650円！さらにWEB割引なら保険料は ...,SBI 少額 短期 保険 ﾍﾟｯﾄ 保険 保険 見積り 少額 短期 保険 ﾍﾟｯﾄ 保険 保険 業界 最安 水準 0 0 か月 申し込み 小型 0 ﾌﾟﾗﾝ 0 ﾗｲﾄ 月々 0 円 WEB 割引 保険
36,36,ペット情報総合サイトPETPET,https://www.petpet.ne.jp/,ペット情報総合サイト「PETPET」。全国動物病院検索、その他ペット同伴可能飲食店やトリミングサロン、ペットショップ検索、ペットと泊まれる宿検索など。動物図鑑も充実。ペットの事なら「PETPET」。,ﾍﾟｯﾄ 情報 総合 ｻｲﾄ PETPET 全国 動物 病院 検索 他 ﾍﾟｯﾄ 同伴 飲食 ﾄﾘﾐﾝｸﾞ ｻﾛﾝ ﾍﾟｯﾄ ｼｮｯﾌﾟ 検索 ﾍﾟｯﾄ 泊まれる 宿 検索 動物 図鑑 充実 ﾍﾟｯﾄ 事 PETPET
37,37,ペット（各種相談の件数や傾向） - 国民生活センター,http://www.kokusen.go.jp/soudan_topics/data/pet.html,ペットショップで購入したウサギが、先天性の病気だった。書面には「生体のため保証はありません」と書かれていたが、解約できないのか。 生後2カ月の犬を購入 ...,ﾍﾟｯﾄ ｼｮｯﾌﾟ 購入 し ｳｻｷﾞ 先天 病気 書面 生体 ため 保証 あり 書か い 解約 でき 生後 0 ｶ月 犬 購入
38,38,ペット保険シェアNo.1の【アニコム損保】公式サイト,https://www.anicom-sompo.co.jp/,ペット保険シェア10年連続NO.1の「アニコム損保」の公式サイト。選ばれている理由は、圧倒的な保険の使いやすさ！全国6400以上の動物病院の窓口での精算や、LINEでの保険金請求が可能です。犬・猫はもちろん、鳥・うさぎ・フェレットもご契約頂けます。,ﾍﾟｯﾄ 保険 ｼｪｱ 0 年 連続 NO 0 ｱﾆｺﾑ 損保 公式 ｻｲﾄ 選ば いる 理由 圧倒 保険 使い 全国 0 以上 動物 病院 窓口 精算 LINE 保険 請求 犬 猫 鳥 うさぎ ﾌｪﾚｯﾄ 契約 頂け
39,39,ペット・花・ガーデニング・DIYの通販 | dポイントでお得にお ...,https://shopping.dmkt-sp.jp/genre/pet/?genre_code=14,ペット・花・ガーデニング・DIYに関する通販ならdショッピング。 ワンちゃんから猫ちゃん熱帯魚まで様々な種類のペットに対応した商品や花、ガーデニング用品、DIY用品など豊富な商品を取り扱っています。dポイントたまる＆つかえる！,ﾍﾟｯﾄ 花 ｶﾞｰﾃﾞﾆﾝｸﾞ DIY 関する 通販 d ｼｮｯﾋﾟﾝｸﾞ ﾜﾝ 猫 熱帯 種類 ﾍﾟｯﾄ 対応 し 商品 花 ｶﾞｰﾃﾞﾆﾝｸﾞ DIY 商品 取り扱っ い d ﾎﾟｲﾝﾄ たまる つかえる
40,40,18周年 e-net shop Pet館～ペット館,https://www.rakuten.ne.jp/gold/dog-kan/,ペットシーツ・猫砂を送料無料で格安販売！業務用にもオススメ！犬猫フード・グッズ専門店 Pet館.,ﾍﾟｯﾄ ｼｰﾂ 猫砂 送料 無料 販売 業務 ｽｽﾒ 犬猫 ﾌｰﾄﾞ ｸﾞｯｽﾞ 専門 Pet
41,41,【セール】 PET PARADISE（ペットパラダイス）,https://shop.creativeyoko.co.jp/items?gc=1.4&bc=503&ptc=1.2.4,【セール】送料無料！PET PARADISE（ペットパラダイス） KIDS&OTHERS マザーガーデン＆ペットパラダイス。クリエイティブヨーコが運営する雑貨とペット用品の通販サイト。かわいいおもちゃ・雑貨・ペット用品がかんたんに見つかります。,ｾｰﾙ 送料 無料 PET PARADISE ﾍﾟｯﾄ ﾊﾟﾗﾀﾞｲｽ KIDS OTHERS ﾏｻﾞｰ ｶﾞｰﾃﾞﾝ ﾍﾟｯﾄ ﾊﾟﾗﾀﾞｲｽ ﾖｰｺ 運営 する 雑貨 ﾍﾟｯﾄ 通販 ｻｲﾄ かわいい おもちゃ 雑貨 ﾍﾟｯﾄ 見つかり
42,42,ドッグフード・キャットフード・ペットフードのペットライン,https://www.petline.co.jp/,ペットライン株式会社は、国内に研究開発センターと製造工場を持ち、愛犬・愛猫の健康を第一に考えた安心・安全なドッグフード・キャットフードをお届けするペットフードメーカーです。,ﾍﾟｯﾄ ﾗｲﾝ 株式 会社 国内 研究 開発 ｾﾝﾀｰ 製造 工場 持ち 愛犬 愛猫 健康 一 考え 安心 安全 ﾄﾞｯｸﾞﾌｰﾄﾞ･ｷｬｯﾄﾌｰﾄﾞ 届け する ﾍﾟｯﾄ ﾌｰﾄﾞ ﾒｰｶｰ
43,43,ペット｜ホームセンター通販 - カインズ,https://www.cainz.com/pet/,ワンちゃんとの暮らし. 犬と暮らす毎日を、もっと心地よく快適に。 ペットシーツやドッグフードなど、暮らしに欠かせないアイテムはもちろん、ワンちゃんにとって心地よさを追求したペットベットや、機能とデザインにこだわったペットウェアなど豊富な ...,暮らし 犬 暮らす 毎日 心地よく 快適 ﾍﾟｯﾄ ｼｰﾂ ﾄﾞｯｸﾞ ﾌｰﾄﾞ 暮らし 欠かせ ｱｲﾃﾑ ﾜﾝ とっ 心地よ 追求 し ﾍﾟｯﾄ ﾍﾞｯﾄ 機能 ﾃﾞｻﾞｲﾝ こだわっ ﾍﾟｯﾄ ｳｪｱ
44,44,ひだかペットクリニック｜知立市・刈谷市の動物病院,https://www.hidaka-pet-clinic.com/,知立市・刈谷市・豊田市・安城市の動物病院なら、ひだかペットクリニックへ。犬・猫の診療を中心に、各種診療にも対応しております。年間300件もの手術実績を持つ質の高い診療から、専用のお部屋を完備しているトリミングまで、ペットのお悩みに幅広く ...,知立 市 刈谷 市 豊田 市 安城 市 動物 病院 ひだ ﾍﾟｯﾄ ｸﾘﾆｯｸ 犬 猫 診療 中心 各種 診療 対応 し おり 年間 0 件 手術 実績 持つ 質 高い 診療 専用 部屋 完備 し いる ﾄﾘﾐﾝｸﾞ ﾍﾟｯﾄ 悩み 幅広く
45,45,ペットの輸出入：動物検疫所 - 農林水産省,https://www.maff.go.jp/aqs/animal/index.html,ペットの輸出入. 動物検疫は、動物の病気の侵入を防止するため世界各国で行われている検疫制度です。,ﾍﾟｯﾄ 輸出入 動物 検疫 動物 病気 侵入 防止 する ため 世界 各国 行わ いる 検疫 制度
46,46,ペット用品 その他通販 | ニトリネット【公式】,https://www.nitori-net.jp/ec/cat/Pet/PetOther/1/,"ペット2WAYトンネル(Nウォームi-nスター). 1,490円（税込）. 吸湿発熱であたたかい。 ペット用クッション(GY). 2,990円（税込）. 犬・猫の関節などの凸部分にかかる負担をサポートします。シニア犬・猫にもおすすめ. 食器スタンド 高さ調整.",ﾍﾟｯﾄ 0 WAY ﾄﾝﾈﾙ N ｳｫｰﾑ i n ｽﾀｰ 0 0 円 税込 吸湿 発熱 あたたかい ﾍﾟｯﾄ ｸｯｼｮﾝ GY 0 0 円 税込 犬 猫 関節 凸 部分 かかる 負担 ｻﾎﾟｰﾄ し ｼﾆｱ 猫 すすめ 食器 ｽﾀﾝﾄﾞ 高 調整
47,47,【公式】月々730円からのペット保険｜楽天ペット保険,https://www.rakuten-ssi.co.jp/,【月々730円からのペット保険！】楽天少額短期保険の公式サイト。楽天ペット保険「ずっといっしょ[もっと]」は保険料で楽天ポイントも貯まります。電話やネットでいつでも気軽に獣医師に相談できます。,月々 0 円 ﾍﾟｯﾄ 保険 楽天 少額 短期 保険 公式 ｻｲﾄ 楽天 ﾍﾟｯﾄ 保険 いっしょ 保険 楽天 ﾎﾟｲﾝﾄ 貯まり 電話 ﾈｯﾄ 医師 相談 でき
48,48,アース・ペット株式会社,https://www.earth-pet.co.jp/,アース・ペット株式会社は、ペットと人の快適な暮らしのお手伝いをします。ペットのノミ・害虫予防の他に愛犬のしつけ、猫のおしっこグッズ、バランス栄養ドリンク、犬猫用シャンプー、消臭剤、猫砂、水、おやつ等の各種ペット用品を開発、提供をしており ...,ｱｰｽ ﾍﾟｯﾄ 株式 会社 ﾍﾟｯﾄ 人 快適 暮らし 手伝い し ﾍﾟｯﾄ ﾉﾐ 害虫 予防 他 愛犬 しつけ 猫 おしっこ ｸﾞｯｽﾞ ﾊﾞﾗﾝｽ 栄養 ﾄﾞﾘﾝｸ 犬猫 ｼｬﾝﾌﾟｰ 消臭 猫砂 水 おやつ 各種 ﾍﾟｯﾄ 開発 提供 し おり
49,49,株式会社 ザ・ペット｜人と人、人とペットの幸せ創りを ...,https://the-pet.co.jp/,関西・関東を中心に展開するペット用品卸会社。株式会社ザ・ペット THE PET.,関西 関東 中心 展開 する ﾍﾟｯﾄ 卸 会社 株式 会社 ｻﾞ ﾍﾟｯﾄ THE PET
50,50,ペットエコ｜横浜·世田谷·多摩·仙台｜ペットの総合専門店,https://www.peteco.jp/,横浜、世田谷、多摩、仙台にあるペットの総合専門店、ペットエコです。大型店舗各店の最新情報が満載、話題集中充実のOnline Shop。ワンちゃん、ネコちゃん、小鳥、ウサギやハムスター、熱帯魚、金魚、川魚、水草、昆虫 、爬虫類、あらゆるペットにお応え ...,横浜 世田谷 多摩 仙台 ある ﾍﾟｯﾄ 総合 専門 ﾍﾟｯﾄ ｴｺ 大型 店舗 各店 最新 情報 満載 話題 集中 充実 Online Shop ﾜﾝ ﾈｺ 小鳥 ｳｻｷﾞ ﾊﾑｽﾀｰ 熱帯 金魚 川魚 水草 昆虫 爬虫 ﾍﾟｯﾄ 応え
51,51,ペット用品・ペットフード｜商品情報｜アイリスオーヤマ,https://www.irisohyama.co.jp/products/pet-supplies-pet-food,ペットシーツ／猫砂／サークル・ケージ・キャリー／犬舎／トイレ／フード などのペット関連用品はこちら.,ﾍﾟｯﾄ ｼｰﾂ 猫砂 ｻｰｸﾙ ｹｰｼﾞ ｷｬﾘｰ 犬舎 ﾄｲﾚ ﾌｰﾄﾞ ﾍﾟｯﾄ 関連
52,52,機内ペット同伴が可能に スターフライヤー、国内初 - 産経 ...,https://www.sankei.com/article/20210916-WIL65YN2EBJYPNWENFZ44EOYMA/,1 日前 — ペット同伴可のフライトは海外で広がりつつあるが、国内線では通常、手荷物として貨物室で運ぶ。検証フライトは羽田―北九州線で1日1往復し、ペット持ち込み時の課題や、周囲の乗客の反応を確認する。,0 前 ﾍﾟｯﾄ 同伴 可 ﾌﾗｲﾄ 海外 広がり ある 国内 通常 手 荷物 し 貨物 運ぶ 検証 ﾌﾗｲﾄ 羽田 北九州 0 0 往復 し ﾍﾟｯﾄ 持ち込み 時 課題 周囲 乗客 反応 確認 する
53,53,with pet - パナソニック ホームズ - Panasonic,https://homes.panasonic.com/common/with-pet/,パナソニック ホームズ（パナホーム）の、「ペットとの快適な暮らし」を紹介するサイト「with pet」。人にもペットにも心地よい家をご紹介いたします。,ﾊﾟﾅｿﾆｯｸ ﾎｰﾑｽﾞ ﾊﾟﾅ ﾎｰﾑ ﾍﾟｯﾄ 快適 暮らし 紹介 する ｻｲﾄ with pet 人 ﾍﾟｯﾄ 心地よい 家 紹介 いたし
54,54,PETSELECT ペットセレクト：大切なペットへ、ベビー品質の ...,https://petselect.jp/,コンセプト. ペットゲート・ペットサークルを選ぶなら. Pet Select. 安全はもちろんのことペットには快適な、オーナーに ...,ｺﾝｾﾌﾟﾄ ﾍﾟｯﾄ ｹﾞｰﾄ ﾍﾟｯﾄ ｻｰｸﾙ 選ぶ Pet Select 安全 こと ﾍﾟｯﾄ 快適 ｵｰﾅｰ
55,55,ペット家族動物病院,https://www.pet-kazoku-clinic.net/,ペット家族動物病院はご家族にとっての安心と信頼の獣医療の提供を大切にしています。,ﾍﾟｯﾄ 家族 動物 病院 家族 とっ 安心 信頼 医療 提供 し い
56,56,日本ペット共済,https://petlife.or.jp/,犬、ネコのペット共済は日本ペット共済にお任せ下さい。,犬 ﾈｺ ﾍﾟｯﾄ 共済 日本 ﾍﾟｯﾄ 共済 任せ 下さい
57,57,みんなのブリーダー - 優良ブリーダー直販の子犬販売サイト,https://www.min-breeder.com/,【成約数19万件突破】全国の優良ブリーダーから、かわいい子犬を安心価格で購入できる子犬販売サイトです。1ヶ月間の無料ペット保険・取引保証があるので安心！成約特典には、プレミアムフード・5000円分クーポンなどの充実した内容をご用意。,成約 数 0 万 件 突破 全国 ﾌﾞﾘｰﾀﾞｰ かわいい 子犬 安心 価格 購入 できる 子犬 販売 ｻｲﾄ 0 ヶ月 無料 ﾍﾟｯﾄ 保険 取引 保証 ある 安心 成約 特典 ﾌﾟﾚﾐｱﾑ ﾌｰﾄﾞ 0 円 分 ｸｰﾎﾟﾝ 充実 し 内容 用意
58,58,株式会社ジャパンペットコミュニケーションズ | 安心で幸せな ...,https://jpc-co.jp/,私たちはペットオーナーが安心して幸せに暮らしていくお手伝いを、ぺットショップや動物病院、トリミング、ペットホテル、安心安全なペットフードなどを通して、目に見える形にしてお届けします。,ﾍﾟｯﾄ ｵｰﾅｰ 安心 し 幸せ 暮らし いく 手伝い ｯﾄｼｮｯﾌﾟ 動物 病院 ﾄﾘﾐﾝｸﾞ ﾍﾟｯﾄ ﾎﾃﾙ 安心 安全 ﾍﾟｯﾄ ﾌｰﾄﾞ 通し 目 見える 形 し 届け し
59,59,日本ペットシッターサービス,https://www.pet-ss.com/,北海道から九州・沖縄まで全国チェーンで展開しているペットシッターサービスです。ペットシッター向け賠償責任保険に加入している身元の確実なペットシッターのみ登録されているので安心してご利用いただけます。無料でお近くのペットシッターをご紹介 ...,北海道 九州 沖縄 全国 ﾁｪｰﾝ 展開 し いる ﾍﾟｯﾄ ｼｯﾀｰ ｻｰﾋﾞｽ ﾍﾟｯﾄ ｼｯﾀｰ 賠償 責任 保険 加入 し いる 身元 ﾍﾟｯﾄ ｼｯﾀｰ 登録 さ いる 安心 し 利用 いただけ 無料 近く ﾍﾟｯﾄ ｼｯﾀｰ 紹介
60,60,大阪市内ペットシッター・旅行中のお世話、ペット介護の代行 ...,http://www.pet-miyakojima.com/,大阪市内を中心、ペットシッター「都島ナースケアセンター」では、旅行中のペットのお世話や、ペット介護、しつけ等を代行をしております。,大阪 市内 中心 ﾍﾟｯﾄ ｼｯﾀｰ 都島 ﾅｰｽ ｹｱ ｾﾝﾀｰ 旅行 ﾍﾟｯﾄ 世話 ﾍﾟｯﾄ 介護 しつけ 代行 し おり
61,61,ペットことならZOO オールペット界をリードする最高の ...,https://zoojapan.com/,ZOOは東京都内、新大久保・四谷・恵比寿・五反田・六本木・新宿・渋谷に店舗を構え、犬・猫・小動物・鳥・猛禽類・魚・爬虫類・両生類・昆虫、幅広いジャンルの動物のペット美容・ペットホテル・ペットシッター・しつけ・ペットセレモニーもお任せ！,ZOO 東京 都内 大久保 四谷 恵比寿 五反田 六本木 新宿 渋谷 店舗 構え 犬 猫 動物 鳥 猛禽 魚 爬虫 両生 昆虫 幅広い ｼﾞｬﾝﾙ 動物 ﾍﾟｯﾄ 美容 ﾍﾟｯﾄ ﾎﾃﾙ ﾍﾟｯﾄ ｼｯﾀｰ しつけ ﾍﾟｯﾄ ｾﾚﾓﾆｰ 任せ
62,62,機内ペット同伴サービス（仮称）の検証フライト実施,https://travel.watch.impress.co.jp/docs/news/1351707.html,24 時間前 — 空港内および機内ではペットはケージから出せず、また餌を与えることも不可。 対象便. 10月1日： SFJ76便（北九州09時00分発～羽田10時35分着 ...,0 時間 前 空港 機内 ﾍﾟｯﾄ ｹｰｼﾞ 出せ 餌 与える こと 不可 対象 便 0 月 0 SFJ 0 便 北九州 0 時 0 羽田 0 時 0 分 着
63,63,ペット手帳 | あなたとペットに安心の毎日を,https://pet-techo.com/,ペット手帳は動物病院の先生や専門家と一緒にあなたとペットに安心の毎日をお届けするスマホサービスです。ワンちゃん、ネコちゃんの成長や季節に合わせた今週のコラム、お手入れ・しつけ動画、健康記録、ペットQ&A、今日のおともだちなど多彩な機能や ...,ﾍﾟｯﾄ 手帳 動物 病院 先生 専門 一緒 ﾍﾟｯﾄ 安心 毎日 届け する ｽﾏﾎｻｰﾋﾞｽ ﾜﾝ ﾈｺ 成長 季節 合わせ 今週 ｺﾗﾑ 手入れ しつけ 動画 健康 記録 ﾍﾟｯﾄ Q A 今日 ともだち 機能
64,64,ペットイベント みんな大好き!!ペット王国（ペット ... - 大阪市,https://pet-oukoku.jp/,みんな大好き!!ペット王国は京セラドーム大阪で毎年ゴールデンウィーク（GW）に開催されるペットイベントです。犬、猫、小動物、爬虫類、昆虫、観賞魚、鳥などがドームに大集合。今年もペット王国に行こう！,みんな ﾍﾟｯﾄ 王国 京ｾﾗ ﾄﾞｰﾑ 大阪 毎年 ｺﾞｰﾙﾃﾞﾝ ｳｨｰｸ GW 開催 さ ﾍﾟｯﾄ ｲﾍﾞﾝﾄ 犬 猫 動物 爬虫 昆虫 観賞 鳥 ﾄﾞｰﾑ 集合 今年 ﾍﾟｯﾄ 王国 行こう
65,65,ペットの防災（クルマに関する注意喚起） - JAF,https://jaf.or.jp/common/attention/pet,ペットと一緒に避難するには、災害に対する普段からの備えが必要です。ペット用フードや水などの備蓄はもちろん、住まいの自治体の取り決めをあらかじめ確認し、家族で対処方法を話し合っておきましょう。避難所では、他の避難者に迷惑をかけない配慮も ...,ﾍﾟｯﾄ 一緒 避難 する 災害 対する 普段 備え 必要 ﾍﾟｯﾄ ﾌｰﾄﾞ 水 備蓄 住まい 自治 体 取り決め 確認 し 家族 対処 方法 話し合っ おき 避難 他 避難 迷惑 かけ 配慮
66,66,大阪府大阪市平野区のペットショップ/ペット用品 - NAVITIME,https://www.navitime.co.jp/category/0508001/27126/,大阪府大阪市平野区のペットショップ/ペット用品をご紹介。ひごペットフレンドリー 瓜破店やペットハウスONEワンイオン長吉店などの住所や地図、電話番号や営業時間、サービス内容など詳細情報もご確認頂けます。地域やカテゴリを絞って検索も可能です。,大阪 府 大阪 市 平野 区 ﾍﾟｯﾄ ｼｮｯﾌﾟ ﾍﾟｯﾄ 紹介 ひご ﾍﾟｯﾄ 瓜破 ﾍﾟｯﾄ ﾊｳｽ ONE ﾜﾝ ｲｵﾝ 長吉 住所 地図 電話 番号 営業 時間 ｻｰﾋﾞｽ 内容 詳細 情報 確認 頂け 地域 ｶﾃｺﾞﾘ 絞っ 検索
67,67,PETボトルリサイクル推進協議会,https://www.petbottle-rec.gr.jp/,PETボトルリサイクル推奨マーク認定基準における基準配合率の説明修正に伴い、申請書・申請書記入例を更新しました。 2021年04月27日. 統計データ「PETボトルの再商品 ...,PET ﾎﾞﾄﾙ ﾘｻｲｸﾙ 推奨 ﾏｰｸ 認定 基準 おけ 基準 配合 率 説明 修正 伴い 申請 申請 記入 例 更新 し 0 年 0 月 0 統計 ﾃﾞｰﾀ PET ﾎﾞﾄﾙ 商品
68,68,スターフライヤー「ペット同伴サービス」が注目される理由。,https://tabiris.com/archives/starflyer-pet/,10 時間前 — 中堅航空会社のスターフライヤーが、国内の定期便にペットを持ち込めるサービスの導入を検討すると発表しました。導入を目指して検証フライトを行います。 広告 検証フライトを実施 スターフライヤーは、国内の定期便にペットを持ち込 […],0 時間 前 中堅 航空 会社 ｽﾀｰ ﾌﾗｲﾔｰ 国内 定期 便 ﾍﾟｯﾄ 持ち込める ｻｰﾋﾞｽ 導入 検討 する 発表 し 導入 目指し 検証 ﾌﾗｲﾄ 行い 広告 検証 ﾌﾗｲﾄ 実施 ｽﾀｰ ﾌﾗｲﾔｰ 国内 定期 便 ﾍﾟｯﾄ 持ち
69,69,PET-CTとは - 国立国際医療研究センター病院,http://www.hosp.ncgm.go.jp/s037/010/010/pet.html,PETでは全身のがんなどを一度に調べることが出来る. PETとは、positron emission tomography （陽電子放出断層撮影） の略で、放射能を含む薬剤を用いる、核医学検査 ...,PET 全身 がん 一 度 調べる こと 出来る PET positron emission tomography 陽 電子 放出 断層 撮影 略 放射 能 含む 薬剤 用いる 核 医学 検査
70,70,スターフライヤー 客室にペット持ち込めるサービス導入へ,https://www3.nhk.or.jp/news/html/20210916/k10013262011000.html,1 日前 — 北九州市に本社がある航空会社「スターフライヤー」は、新型コロナウイルスの影響で搭乗率が落ち込む中、新たな利用客の獲得をねらって、来年にも客室にペットを持ち込めるサービスを導入する方針を固めました。実現すれば国内の定期便 ...,0 前 北九州 市 本社 ある 航空 会社 ｽﾀｰ ﾌﾗｲﾔｰ 新型 ｺﾛﾅ ｳｲﾙｽ 影響 搭乗 率 落ち込む 中 利用 客 獲得 ねらっ 来年 客室 ﾍﾟｯﾄ 持ち込める ｻｰﾋﾞｽ 導入 する 方針 固め 実現 すれ 国内 定期 便
71,71,ペットスタイル 大国町店 - 大阪市浪速区 - EPARKペットライフ,https://petlife.asia/salon/6501/,EPARKペットライフ掲載中のペットスタイル 大国町店(大阪府大阪市浪速区)の写真・施術料金・口コミ・予約受入状況を紹介。簡単に電話/Web予約可能施設情報です。 評価: 5 · ‎2 件のレビュー,EPARK ﾍﾟｯﾄ ﾗｲﾌ 掲載 ﾍﾟｯﾄ ｽﾀｲﾙ 大国 町 大阪 府 大阪 市 浪速 区 写真 施術 料金 口ｺﾐ 予約 受入 状況 紹介 電話 Web 予約 施設 情報 評価 0 0 件 ﾚﾋﾞｭｰ
72,72,愛知県一宮市の動物病院 きそがわペットクリニック,https://www.kisogawa-pc.com/,一宮市の動物病院きそがわペットクリニックのご案内.,一宮 市 動物 病院 がわ ﾍﾟｯﾄ ｸﾘﾆｯｸ 案内
73,73,ペット保険(犬・猫)のペット＆ファミリー損保【公式】 | T&D ...,https://www.petfamilyins.co.jp/,ペット保険のペット＆ファミリー損保(T＆D保険グループ)公式サイト。犬・猫のペット保険「げんきナンバーわん」「げんきナンバーわんスリム」を展開。家族であるペットに安心をお届け。,ﾍﾟｯﾄ 保険 ﾍﾟｯﾄ ﾌｧﾐﾘｰ 損保 T D 保険 ｸﾞﾙｰﾌﾟ 公式 ｻｲﾄ 犬 猫 ﾍﾟｯﾄ 保険 げんき ﾅﾝﾊﾞｰ わん げんき ﾅﾝﾊﾞｰ わん 展開 家族 ある ﾍﾟｯﾄ 安心 届け
74,74,ミミクリーペット｜スペシャルサイト｜タカラトミーアーツ,https://www.takaratomy-arts.co.jp/specials/mimicry/,話しかけるとノリノリのアクションと共にあなたのコトバを何でもマネしておしゃべりするぬいぐるみ『ミミクリーペット』の公式サイトです。,話しかける ｱｸｼｮﾝ 共 ｺﾄﾊﾞ ﾏﾈ し しゃべり する ぬいぐるみ ﾐﾐｸﾘｰ ﾍﾟｯﾄ 公式 ｻｲﾄ
75,75,業界初、初回ケガ全額補償のペット保険はイーペット少額短期 ...,https://www.e-pet.co.jp/,イーペット少額短期保険株式会社のe-ペット70は、業界初の初回ケガ全額補償！安心・充実補償のペット保険です。,ｲｰ ﾍﾟｯﾄ 少額 短期 保険 株式 会社 e ﾍﾟｯﾄ 0 業界 初 初回 ｹｶﾞ 全額 補償 安心 充実 補償 ﾍﾟｯﾄ 保険
76,76,トリミング ペットホテルのPET-SPA｜西武ペットケア,http://www.pet-spa.co.jp/,株式会社西武ペットケアの運営するトリミングサロン PET-SPA（ペットスパ）。東京、神奈川、埼玉などの首都圏を中心に店舗を展開しています。トリミングやペットホテルなどのケアに加えて、トリマーと獣医師の連携によって、ペットの健康維持もサポート ...,株式 会社 西武 ﾍﾟｯﾄ ｹｱ 運営 する ﾄﾘﾐﾝｸﾞ ｻﾛﾝ PET SPA ﾍﾟｯﾄ ｽﾊﾟ 東京 神奈川 埼玉 首都 中心 店舗 展開 し い ﾄﾘﾐﾝｸﾞ ﾍﾟｯﾄ ﾎﾃﾙ ｹｱ 加え ﾄﾘﾏｰ 医師 連携 よっ ﾍﾟｯﾄ 健康 維持 ｻﾎﾟｰﾄ
77,77,ペット総合通販サイトPETEMOオンラインストア「しあわせも ...,https://shop.petemo.jp/,イオンペットが運営するペット専門の総合通販サイト。ごはんやトイレ用品、アパレルなど、ペットライフに必要なものが揃います。ペットに関する幅広いサービスを通じて、お客さまとペットとの幸せなライフスタイルをサポートします。,ｲｵﾝ ﾍﾟｯﾄ 運営 する ﾍﾟｯﾄ 専門 総合 通販 ｻｲﾄ ごはん ﾄｲﾚ ｱﾊﾟﾚﾙ ﾍﾟｯﾄ ﾗｲﾌ 必要 もの 揃い ﾍﾟｯﾄ 関する 幅広い ｻｰﾋﾞｽ 通じ 客 ﾍﾟｯﾄ 幸せ ﾗｲﾌｽﾀｲﾙ ｻﾎﾟｰﾄ し
78,78,Life with Pet ～ペットと人の健やかな毎日のために～ |エラン ...,https://jp.mypetandi.com/,バイエル薬品が提供、犬・猫の病気予防、健康管理のための情報発信サイト。ノミ・マダニ・フィラリア・回虫・条虫などの寄生虫駆除・予防対策、細菌感染症の情報などをご覧いただけます。,ﾊﾞｲｴﾙ 薬品 提供 犬 猫 病気 予防 健康 管理 ため 情報 発信 ｻｲﾄ ﾉﾐ ﾏﾀﾞﾆ ﾌｨﾗﾘｱ 回虫 条虫 寄生 駆除 予防 対策 細菌 感染 情報 ご覧 いただけ
79,79,近畿一円 ペットショップ ひごペットフレンドリー 大阪、兵庫 ...,https://www.higopet.com/sp/,龍魚祭り. 金魚祭り. 街のPayPay祭. フロアブログ告知. トリミングブログ告知. ペットホテル早割企画. 奈良パワーシティ店9月度イベント. 前へ; 次へ. 新着ペット; ペット検索; 人気のペット. いぬ; ねこ; アクア; 小動物・鳥; は虫類・両生類・昆虫 ...; マルチーズ： ; ミックス; スムース・チワワ： ; トイ・プードル; ミニチュア・ダックスフンド・ロングヘアー： ; ヨーク...; イタリアン・グレーハウンド： ; ウェルシュ・コーギー...,龍 祭り 金魚 祭り 街 PayPay 祭 ﾌﾛｱ ﾌﾞﾛｸﾞ 告知 ﾄﾘﾐﾝｸﾞ ﾌﾞﾛｸﾞ 告知 ﾍﾟｯﾄ ﾎﾃﾙ 早 企画 奈良 ﾊﾟﾜｰ ｼﾃｨ 0 月 度 ｲﾍﾞﾝﾄ 前 次 新着 ﾍﾟｯﾄ ﾍﾟｯﾄ 検索 人気 ﾍﾟｯﾄ いぬ ねこ ｱｸｱ 動物 鳥 は虫 両生 昆虫 ﾏﾙﾁｰｽﾞ ﾐｯｸｽ ﾁﾜﾜ ﾄｲ ﾌﾟｰﾄﾞﾙ ﾐﾆﾁｭｱ ﾀﾞｯｸｽﾌﾝﾄﾞ ﾛﾝｸﾞﾍｱ ﾖｰｸ ｲﾀﾘｱﾝ ｸﾞﾚｰﾊｳﾝﾄﾞ ｳｪﾙｼｭ ｺｰｷﾞｰ
80,80,プレゼントペット（PRESENT PETS） - タカラトミー,https://www.takaratomy.co.jp/products/presentpets/,あなたに会うために、かわいいペットが自分で箱から出てきちゃう！？箱から出てくるあまえんぼ「プレゼントペット（PRESENT PETS）」が新登場♪ フワフワなわんことの素敵な出会いが待ってるよ！お世話やゲームも！,会う ため かわいい ﾍﾟｯﾄ 自分 箱 出 き 箱 出 くる ﾌﾟﾚｾﾞﾝﾄ ﾍﾟｯﾄ PRESENT PETS 登場 なわ こと 出会い 待っ 世話 ｹﾞｰﾑ
81,81,アニムペットクリニック | 文京区・豊島区・千代田区 | 年中 ...,https://www.anim-pc.com/,文京区白山の犬猫の総合動物病院。ペットの健康管理はもちろん、病気の治療にもご家族の参加が必要です。私たちがそのお手伝いをするとき、ご家族との信頼関係が大切だと感じています。そのためにも納得していただける説明、インフォームドコンセントを ...,文京 区 白山 犬猫 総合 動物 病院 ﾍﾟｯﾄ 健康 管理 病気 治療 家族 参加 必要 手伝い する とき 家族 信頼 関係 感じ い ため 納得 し いただける 説明 ｲﾝﾌｫｰﾑﾄﾞ ｺﾝｾﾝﾄ
82,82,いなばペットフード株式会社,https://www.inaba-petfood.co.jp/,いなばペットフード株式会社 | ドッグフード/キャットフード（代表商品：チャオ＜CIAO＞）を販売するペットフードメーカーです。犬用、猫用のペットフード（缶詰、健康食品、レトルトパウチなど）のご紹介.,いなば ﾍﾟｯﾄ ﾌｰﾄﾞ 株式 会社 ﾄﾞｯｸﾞﾌｰﾄﾞ ｷｬｯﾄ ﾌｰﾄﾞ 代表 商品 ﾁｬｵ CIAO 販売 する ﾍﾟｯﾄ ﾌｰﾄﾞ ﾒｰｶｰ 犬 猫 ﾍﾟｯﾄ ﾌｰﾄﾞ 缶詰 健康 食品 ﾚﾄﾙﾄ ﾊﾟｳﾁ 紹介
83,83,ペットアドバンス,https://petsadvance.jp/,ペットアドバンスは、ペットと人とのより良い共生をテーマにコトを提案する、ピカコーポレイションの新ブランドです。犬や猫などのペット用品やペット業界の方々に安心で安全な製品を提供してまいります。,ﾍﾟｯﾄ ｱﾄﾞﾊﾞﾝｽ ﾍﾟｯﾄ 人 良い 共生 ﾃｰﾏ ｺﾄ 提案 する ｺｰﾎﾟﾚｲｼｮﾝ ﾌﾞﾗﾝﾄﾞ 犬 猫 ﾍﾟｯﾄ ﾍﾟｯﾄ 方々 安心 安全 製品 提供 し まいり
84,84,PET DESIGN natural care,https://petdesign.jp/,PET LIST最新のワンちゃん ねこちゃん. 一覧を見る · アリオ上尾店 ... PET DESIGN 春日井店. 愛知県春日井市東野町3丁目3番7号. トリミング; ペットホテル; グッズ販売. お店のブログ · のFacebookページを表示する; のInstagram公式アカウントページを ...,PET LIST 最新 ﾜﾝ ねこ 一覧 見る ｱﾘｵ 上尾 PET DESIGN 春日井 愛知 県 春日井 市 東野 町 0 丁目 0 番 0 号 ﾄﾘﾐﾝｸﾞ ﾍﾟｯﾄ ﾎﾃﾙ ｸﾞｯｽﾞ 販売 店 ﾌﾞﾛｸﾞ Facebook ﾍﾟｰｼﾞ 表示 する Instagram 公式 ｱｶｳﾝﾄ ﾍﾟｰｼﾞ
85,85,DCMカーマのペット情報館,https://www.dcm-hc.co.jp/kahma/petshop/,DCMカーマのペットショップ. DCMカーマサイトへ · DCM · HOME · 店舗情報 · キャンペーン・イベント情報 · イチオシ商品 · 動物病院. カワイイペット達がいっぱい！DCMカーマのペット情報館. 犬 · 猫 · アクア・小動物 · 各種サービスメニュー ...,DCM ｶｰﾏ ﾍﾟｯﾄ ｼｮｯﾌﾟ DCM ｶｰﾏ ｻｲﾄ DCM HOME 店舗 情報 ｷｬﾝﾍﾟｰﾝ ｲﾍﾞﾝﾄ 情報 ｲﾁｵｼ 商品 動物 病院 ｶﾜｲｲ ﾍﾟｯﾄ いっぱい DCM ｶｰﾏ ﾍﾟｯﾄ 情報 犬 猫 ｱｸｱ 動物 各種 ｻｰﾋﾞｽ ﾒﾆｭｰ
86,86,一般社団法人日本ペット用品工業会,http://www.jppma.or.jp/,HOME · 団体概要 · 事業内容 · 会員企業・賛助会員企業 · 消費者様向けQ&A · 会員ページ · お問い合わせ · JP · EN. 2021適合品証; ペット用品産業実態調査について; ペット用品取扱士検定試験 ...,HOME 団体 概要 事業 内容 会員 企業 賛助 会員 企業 消費 Q A 会員 ﾍﾟｰｼﾞ 問い合わせ JP EN 0 適合 ﾍﾟｯﾄ 産業 実態 調査 つい ﾍﾟｯﾄ 取扱 検定 試験
87,87,西武グループ ペットスマイルプロジェクト  SEIBU GROUP,https://www.seibuholdings.co.jp/pet-smile/,西武グループでは、ペットと楽しめるひとときを大切にするため、「ペットと一緒」がもっと楽しくなるペットスマイルプロジェクトを展開してまいります。,西武 ｸﾞﾙｰﾌﾟ ﾍﾟｯﾄ 楽しめる ひととき する ため ﾍﾟｯﾄ 一緒 楽しく なる ﾍﾟｯﾄ ｽﾏｲﾙ ﾌﾟﾛｼﾞｪｸﾄ 展開 し まいり
88,88,みんなのペット健康専門店 - 安心・安全にこだわった ...,https://www.min-petkenko.com/,すべてのワンちゃん・ネコちゃんが健康でいられるように、安心・安全にこだわったロイヤルカナンなどのドッグフード・キャットフード・ペット用品の通販ショップです。,すべて ﾜﾝ ﾈｺ 健康 い 安心 安全 こだわっ ﾛｲﾔﾙ ｶﾅﾝ ﾄﾞｯｸﾞﾌｰﾄﾞ･ｷｬｯﾄﾌｰﾄﾞ･ﾍﾟｯﾄ 通販 ｼｮｯﾌﾟ
89,89,日本ペットランド,http://www.pet-land.co.jp/,京都ペット葬儀社・滋賀ペット葬儀社の日本ペットランド京都・滋賀のペット葬儀、琵琶湖動物霊園、草津・栗東セレモニーホール、心塔ペット火葬、ペット納骨、ペット霊園、ペット供養のことなら日本ペットランドまで。,京都 ﾍﾟｯﾄ 葬儀 社 滋賀 ﾍﾟｯﾄ 葬儀 社 日本 ﾍﾟｯﾄ ﾗﾝﾄﾞ 京都 滋賀 ﾍﾟｯﾄ 葬儀 琵琶 動物 霊園 草津 栗東 ｾﾚﾓﾆｰ ﾎｰﾙ 塔 ﾍﾟｯﾄ 火葬 ﾍﾟｯﾄ 納骨 ﾍﾟｯﾄ 霊園 ﾍﾟｯﾄ 供養 こと 日本 ﾍﾟｯﾄ ﾗﾝﾄﾞ
90,90,【法蓮ペットクリニック】奈良市法蓮町の動物病院,http://www.horen-pet.com/,【法蓮ペットクリニック】奈良市法蓮町の動物病院｜奈良市｜木津川市｜奈良市法蓮町の動物病院。法蓮ペットクリニックはホームドクターとしてみなさまの大切なペットをケアします。木津川市からも近く。トリミング・ペットホテル併設。,法蓮 ﾍﾟｯﾄ ｸﾘﾆｯｸ 奈良 市 法 蓮町 動物 病院 奈良 市 木津 川 市 奈良 市 法 蓮町 動物 病院 法蓮 ﾍﾟｯﾄ ｸﾘﾆｯｸ ﾎｰﾑ ﾄﾞｸﾀｰ し みな ﾍﾟｯﾄ ｹｱ し 木津 川 市 近く ﾄﾘﾐﾝｸﾞ ﾍﾟｯﾄ ﾎﾃﾙ 併設
91,91,ペット家族 公式サイト | ペットショップ・動物病院・ペット ...,https://www.pet-kazoku.net/,ペットショップや動物病院、ペットホテルも併設！動物たちが楽しく過ごすための環境を整えたペット家族の総合サイト。,ﾍﾟｯﾄ ｼｮｯﾌﾟ 動物 病院 ﾍﾟｯﾄ ﾎﾃﾙ 併設 動物 楽しく 過ごす ため 環境 整え ﾍﾟｯﾄ 家族 総合 ｻｲﾄ
92,92,ペットフード - FAMIC - 独立行政法人農林水産消費安全技術 ...,http://www.famic.go.jp/ffis/pet/,"ペットフードの製造・輸入業者の皆様（製造・輸入業者届出関係）, 各地方農政局・支局等 詳細はこちら ... ペットフード安全法に関するQ＆A(農林水産省); 愛がん動物用飼料の安全性の確保に関する法律（ペットフード安全法）に関する事業者 ...ペットの飼い主の皆様： 各地方環境事務所 詳細は...",ﾍﾟｯﾄ ﾌｰﾄﾞ 製造 輸入 皆 製造 輸入 届出 関係 地方 農政 局 支局 詳細 ﾍﾟｯﾄ ﾌｰﾄﾞ 安全 法 関する Q A 農林 水産 愛がん 動物 飼料 安全 確保 関する 法律 ﾍﾟｯﾄ ﾌｰﾄﾞ 安全 法 関する 事業 ﾍﾟｯﾄ 飼い主 皆 地方 環境 事務 詳細
93,93,ペットゴー（petgo）＜公式＞｜犬猫の療法食、医薬品 ...,https://www.petgo.jp/,ペットゴーは食事療法食、総合栄養食、動物用医薬品、サプリメントなどを取り扱うペットヘルスケア通販サイトです。ハッピーペットライフ・ハッピーワールドのスローガンのもと、ペットのQOL向上に貢献していきます。,ﾍﾟｯﾄ ｺﾞｰ 食事 療法 食 総合 栄養 食 動物 医薬 ｻﾌﾟﾘﾒﾝﾄ 取り扱う ﾍﾟｯﾄ ﾍﾙｽｹｱ 通販 ｻｲﾄ ﾍﾟｯﾄ ﾗｲﾌ ﾜｰﾙﾄﾞ ｽﾛｰｶﾞﾝ もと ﾍﾟｯﾄ QOL 向上 貢献 し いき
94,94,クラブアイペット,https://www.ipetclub.jp/connect/,クラブアイペットは、ペットとのライフスタイルやお得なクーポン情報を「ごほうび」としてお届けするWEBマガジンです。,ｸﾗﾌﾞ ｱｲ ﾍﾟｯﾄ ﾍﾟｯﾄ ﾗｲﾌｽﾀｲﾙ 得 ｸｰﾎﾟﾝ 情報 ほうび し 届け する WEB ﾏｶﾞｼﾞﾝ
95,95,横浜市の動物病院｜洋光台ペットクリニック,https://www.youkoudai-pet.com/,神奈川県横浜市磯子区。洋光台駅から徒歩5分の動物病院。動物と飼い主がもっとも良い関係でいられるような治療を目指しています。トリミング・ペットホテル・避妊手術・去勢手術・ワクチン・予防接種対応。診察対象は犬・猫・ウサギ・ハムスター・ ...,神奈川 県 横浜 市 磯子 区 洋 光台 駅 徒歩 0 動物 病院 動物 飼い主 良い 関係 い 治療 目指し い ﾄﾘﾐﾝｸﾞ ﾍﾟｯﾄ ﾎﾃﾙ 避妊 手術 去勢 手術 ﾜｸﾁﾝ 予防 接種 対応 診察 対象 犬 猫 ｳｻｷﾞ ﾊﾑｽﾀｰ
96,96,犬・猫のペット保険ならFPC｜お手頃な保険料・充実の補償内容,https://www.fpc-pet.co.jp/,ペット保険を提供する株式会社FPC公式サイト。犬・猫の通院・入院・手術を手厚く補償し、充実の補償内容とお手頃な保険料で評価されています。全国の動物病院対応でネット申込、資料請求も可能。,ﾍﾟｯﾄ 保険 提供 する 株式 会社 FPC 公式 ｻｲﾄ 犬 猫 通院 入院 手術 手厚く 補償 し 充実 補償 内容 保険 評価 さ い 全国 動物 病院 対応 ﾈｯﾄ 申込 資料 請求
97,97,沖縄の動物病院なら【牧港ペットクリニック】,https://makiminatopet-clinic.jp/,沖縄県浦添市にある牧港ペットクリニックです。大切なパートナーの・幸せに寄り添う動物病院を目指します！,沖縄 県 浦添 市 ある 牧 ﾍﾟｯﾄ ｸﾘﾆｯｸ ﾊﾟｰﾄﾅｰ 幸せ 寄り添う 動物 病院 目指し
98,98,ペットの専門店コジマ通信販売オンライン - PET-SHOP.JP,https://pet-shop.jp/kojima/,ペットの専門店コジマが提供する犬・猫・小動物・鳥類などの、ペットフードやペット用品を専門に販売するショッピングサイトです。,ﾍﾟｯﾄ 専門 ｺｼﾞﾏ 提供 する 犬 猫 動物 鳥類 ﾍﾟｯﾄ ﾌｰﾄﾞ ﾍﾟｯﾄ 専門 販売 する ｼｮｯﾋﾟﾝｸﾞ ｻｲﾄ
