,keyword,site_name,URL,snippet,ranking
0,宮崎一希,宮崎一希（城西国際大）のプロフィール - 球歴.com,https://www.kyureki.com/player/55746/,"宮崎一希は城西国際大に所属する投手。 宮崎一希の出場成績 ... 宮崎一希の通算成績・年度別成績. 宮崎一希の動画 ... 宮崎一希の中学時代 戦績・チームメイト.大学： 城西国際大; 2017年,2018年,2019年,2020...高校： 進修館; 2014年,2015年,2016年",1
1,宮崎一希,宮崎 一希さん(Kazuki Miyazaki) | Facebook,https://ja-jp.facebook.com/mikazuki4cm,宮崎 一希さんはFacebookを利用しています。Facebookに登録して、宮崎 一希さんや他の知り合いと交流しましょう。Facebookは、人々が簡単に情報をシェアできる、 ...,2
2,宮崎一希,宮崎 一希さん(Kazuki Miyazaki) | Facebook,https://ja-jp.facebook.com/mikazuki4cm,宮崎 一希さんはFacebookを利用しています。Facebookに登録して、宮崎 一希さんや他の知り合いと交流しましょう。Facebookは、人々が簡単に情報をシェアできる、 ...,3
3,宮崎一希,「宮崎 一希」という名前の人 - Facebook,https://ja-jp.facebook.com/public/%E5%AE%AE%E5%B4%8E-%E4%B8%80%E5%B8%8C,「宮崎 一希」という名前の人のプロフィールを表示Facebookに参加して、宮崎 一希さんや他の知り合いと交流しましょう。Facebookは、人々が簡単に情報をシェアできる、 ...,4
4,宮崎一希,宮崎一希（） | ドラフト候補の動画とみんなの評価,https://player.draft-kaigi.jp/PlayerInfo.php?PlayerId=24465,投稿者:yukiさんによる説明. 187cmの大型右腕、埼玉の進修館高校から城西国際大に進むと、3年春には3戦目の先発として登板している。,5
5,宮崎一希,宮崎 一希さんの名前占い - 赤ちゃんの名づけ命名,https://akachan-meimei.com/?surname=%E5%AE%AE%E5%B4%8E&firstname=%E4%B8%80%E5%B8%8C&sex=m,宮崎 一希さんの名前占い。赤ちゃんの名づけを無料の姓名判断で占います！名前の画数からさまざまな運勢を鑑定し、良い字画の名付けに楽しくご利用いただけます！,6
6,宮崎一希,宮崎一希 (@wheephereds) • Instagram photos and videos,https://www.instagram.com/wheephereds/,"149 Followers, 831 Following, 10 Posts - See Instagram photos and videos from 宮崎一希 (@wheephereds)",7
7,宮崎一希,メンバー - 東京工業大学 地球惑星科学専攻,http://www.geo.titech.ac.jp/lab/nakajima/lab/member.html,助教 麻生 尚文. D2 及川 元己. D1 柴田 律也 土山 絢子. M2 宮崎 一希. M1 入江 剛毅 西山 佳範. B4 伊藤 陽介 古村 亜紗子 手老 勇登 長井 瑛都,8
8,宮崎一希,宮崎 一希 (byoudoku4cm) - ランサーズ,https://www.lancers.jp/profile/byoudoku4cm,機械学習系の研究室で大学院生をしているので、データ処理もできます。宮崎 一希さんが利用中の日本最大級のクラウドソーシングランサーズは会員登録無料・発注手数料 ...,9
9,宮崎一希,宮崎一希（BeeLab.College（ビーラボ福岡 ... - Pando,https://pando.life/@44eyxajnvn,... 学生向けマルチプラットフォームBeeLab会員メンバー。《所属研究室のここ数年の研究の集大成の作成と学位取得》というビジョンを持つ宮崎一希の略歴、活動・所属等。,10
10,宮崎一希,ka_s27 - 宮崎 一希 - Twitter,https://twitter.com/ka_s27,The latest Tweets from 宮崎 一希 (@ka_s27). SSK→JIU  卒.,11
11,宮崎一希,宮崎 一希 @ka_s27 のツイプロ,https://twpro.jp/ka_s27,SSK→JIU  ／フォロワー数:238人／ツイート数:1993回.,12
12,宮崎一希,研究会 - Unsupervised Kernel Regression with Landmarks for ...,https://www.ieice.org/ken/paper/202101210CC2/,"高野修平 著 · 2021 — 高野修平・津野 龍・野口科瑞稀・宮崎一希・古川徹生（九工大） NC2020-32. 抄録, （和）, 本研究の目的は，大規模関係データの非線形モデリング ...",13
13,宮崎一希,中島 淳一 - JpGU-AGU Joint Meeting 2020/スケジュール,https://confit.atlas.jp/guide/event/jpgu2020/author/000565;jsessionid=CDCE218E0CB790B88DF192E2221FD827?eventCode=jpgu2020&subjectCode=SSS15-23&programUserCode=000565&&lang=ja,宮崎 一希1、中島 淳一1 (1.東京工業大学理学院地球惑星科学系). 会期を通じた開催. [J] 口頭発表; | セッション記号 S (固体地球科学); | S-CG 固体地球科学複合 ...,14
14,宮崎一希,Faculty Profiles - FURUKAWA Tetsuo - 研究者情報 - 九州工業 ...,https://hyokadb02.jimu.kyutech.ac.jp/html/343_knkyu_prsn_1_en.html,"高野修平, 津野龍, 野口科瑞稀, 宮崎一希, 古川徹生. ニューロコンピューティング研究会 (オンライン開催) 2021.01 - 2021.01 電子情報通信学会. View Summary.",15
15,宮崎一希,Faculty Profiles - FURUKAWA Tetsuo - 研究者情報 - 九州工業 ...,https://hyokadb02.jimu.kyutech.ac.jp/html/343_knkyu_prsn_1_en.html,"高野修平, 津野龍, 野口科瑞稀, 宮崎一希, 古川徹生. ニューロコンピューティング研究会 (オンライン開催) 2021.01 - 2021.01 電子情報通信学会. View Summary.",16
16,宮崎一希,指導学生リスト（斎藤寿樹） | Kyutech Algorithms Group,http://algorithm.ces.kyutech.ac.jp/wp/members/saitoh/saitoh-lab/,... 魔方陣の数え上げアルゴリズムの実装: 高田 円樹：優先度付きキューによるソートの計算時間・領域トレードオフの実験的評価: 宮崎 一希：Quoridor の NP 困難性.,17
17,宮崎一希,【日程】ドラフト会議 2021年10月11日開催⚡️ - 高校野球 ...,https://www.xn--8wv97xz6xo7h.online/draft-net,ドラフト会議2021年の日程は、10月11日(月)を予定。高校生・大学生等の進路選択を考慮し、開催時期を従来よりも前倒される。 2020年の指名結果・順位一覧は、以下。,18
18,宮崎一希,宮崎 一花さんの診断結果 - 姓名判断 彩,https://namaeuranai.biz/result/%E5%AE%AE%E5%B4%8E_%E4%B8%80%E8%8A%B1,宮崎 一希 · 宮崎 一孝 · 宮崎 一佐 · 宮崎 一冴 · もっと見る. 【宮崎】 を使い画数の良い名前. 宮崎 力一 · 宮崎 とく · 宮崎 十一 · 宮崎 いの · 宮崎 ここの.,19
19,宮崎一希,行動分析学研究 31(2): 201-204 - J-Stage,https://www.jstage.jst.go.jp/article/jjba/31/2/31_201/_pdf/-char/ja,文 瑞穂、梶谷 勇、宮崎一希、加藤慎吾、佐々. 木優子、二瓶正登、土方玲子、小野寺百合子、遠. 藤 一、寺田 是、森脇康子、龔 麗媛、木村有.,20
20,宮崎一希,野球部 北部地区ベスト4！ - 進修館高校,https://shinsyukan-h.spec.ed.jp/blogs/blog_entries/view/137/301ba44fb84324535be262f868c59c5c?frame_id=334,2014/09/09 — 準々決勝は、上尾南高校と戦い4対3で勝利。1年生宮崎一希君（騎西中学校出身）が、センター前ヒットでさよなら勝ち。,21
21,宮崎一希,the robotics laboratory,http://www.mech.kumamoto-u.ac.jp/Info/lab/robot/obog.html,江浦 昌宏 月野 秀輝 平井 淳 西村 光 中島 優作 中野 靖章 吉積 慶一郎 ヤン ジェソン 北村 和也 宮崎 一希. 2006年度卒業生. M2. 江口 雅之 志柿 雅彦 武久 和宏 中 ...,22
22,宮崎一希,選手紹介 一覧 - 鴻巣ボーイズ,https://konosuboys.89dream.jp/modules/member/index.php?action=PageList&category_id=2&child=all,宮崎一希. 鴻茎スワローズ～騎西中. 山崎勝栄. 鴻茎スワローズ～騎西中. 古澤直樹. 田ケ谷ブレーブス～騎西中. 2期生. 本間健太郎(副主将). 埼玉少年野球～埼玉中.,23
23,宮崎一希,Kazuki Miyazaki - Wantedly Profile,https://www.wantedly.com/users/18006601,研究内容: ボードゲームQuoridorのNP困難性の証明サークル: レスキューロボット製作サークル、ITサービス運用開発サークル. 山口県立山口高等学校. 普通科.,24
24,宮崎一希,『宮崎』姓の「男の子」名前組合せ一覧 2ページ目 - いい名前 ...,https://enamae.net/sitemap/?s=m&q=%E5%AE%AE%E5%B4%8E&p=2,... 宮崎伊千郎 · 宮崎伊智朗 · 宮崎伊知郎 · 宮崎意知郎 · 宮崎逸朗 · 宮崎逸郎 · 宮崎一郎太 · 宮崎一喜 · 宮崎一基 · 宮崎一季 · 宮崎一己 · 宮崎一希 · 宮崎一樹 ...,25
25,宮崎一希,宮崎 一宏さんの名前の鑑定結果は！ | 姓名判断ネット,https://seimei-handan.net/?surname=%E5%AE%AE%E5%B4%8E&firstname=%E4%B8%80%E5%AE%8F&sex=m,宮崎 乙男 · 宮崎 一志 · 宮崎 一成 · 宮崎 一秀 · 宮崎 一那 · 宮崎 一江 · 宮崎 一見 · 宮崎 一宏 · 宮崎 一希 · 宮崎 乙希.,26
26,宮崎一希,誰の青春を見てみようかしら？,http://bluespring.geo.jp/10652/132/index.html,宮崎和家 · 宮崎加寿恵 · 宮崎賀寿恵 · 宮崎数衛 · 宮崎数江 · 宮崎和栄 · 宮崎和永 · 宮崎一栄 · 宮崎和栄 · 宮崎カズオ · 宮崎一穂 · 宮崎壱雄 · 宮崎運夫 ...,27
27,宮崎一希,第32回ゴルフコンペ結果 - 上海日本商工クラブ,https://www.jpcic-sh.org/uploads/mail_attachment/1460356747.pdf,宮崎一希. 461. 15. 462. -16. 385.4. ドボン 長生人寿（日生）. 水野充彦. 市野英広. 俵坂浩光. 山崎哲史. 小山洋平. 518. 16. 518. -16. 398.0.,28
28,宮崎一希,55 宮崎一希 みやざき かずき 前所属 掛川JFC 出身小学校 掛川 ...,http://fcmeisei.web.fc2.com/0-0/13-15-55.html,"55, 宮崎一希, みやざき かずき. 前所属, 掛川JFC. 出身小学校, 掛川中央小学校. 出身中学校, 掛川西中学校. 出身地, 掛川市. ポジション, MF.",29
29,宮崎一希,城西国際大学硬式野球部,http://jiu0089baseball.web.fc2.com/member_2014.html,守備位置氏 名学 部出 身 校都道府県身長体重投打投 手小関 元経営情報平 塚 学 園神奈川18083右右〃金子 恒史郎経営情報立 花 学 園神奈川17594右右〃桐原 健太経営情報花 咲 徳 栄埼玉17075左左他 46 行を表示,30
30,宮崎一希,生まれ｜氏名ランキング｜208701-208800位 - 平成15年,http://www.namaejiten.com/h15/name2088.html,"208726, 宮崎 一希, 1. 208727, 宮崎 一慶, 1. 208728, 宮崎 一崎, 1. 208729, 宮崎 一心, 1. 208730, 宮崎 一誠, 1. 208731, 宮崎 一乃, 1. 208732, 宮崎 一郎, 1.",31
31,宮崎一希,宮崎 - 姓名判断をする - なまえさあち,https://name.sijisuru.com/Name/nameindex/%E5%AE%AE%E5%B4%8E/%E3%81%84/E/1/%E5%A5%B3,宮崎‑市子宮崎‑意知子宮崎‑維智子宮崎‑維知子宮崎‑緯稚子宮崎‑衣智子宮崎‑衣知子宮崎‑苺宮崎‑一途宮崎‑一乃宮崎‑一千乃宮崎‑伊稚乃宮崎‑一初宮崎‑一羽宮崎‑一花宮崎‑一帆他 102 行を表示,32
32,宮崎一希,宮崎 直希さんの姓名判断,https://jikaku.net/handan.php?surname=%E5%AE%AE%E5%B4%8E&firstname=%E7%9B%B4%E5%B8%8C&sex=m,末尾文字が同じ名前. 宮崎 悠希 · 宮崎 光希 · 宮崎 和希 · 宮崎 一希 · 宮崎 陽希 · 宮崎 直希 · 宮崎 勇希 · 宮崎 大希 · 宮崎 遥希 · 宮崎 春希 ...,33
33,宮崎一希,宮崎さんを人気名前ランキング 401位から500位で名前占い,https://seimei.linkstudio.biz/namelist.php?surname=%E5%AE%AE%E5%B4%8E&page=5,一文字名二文字名三文字名一文字名二文字名三文字名1宮崎孟宮崎一心宮崎煌太郎宮崎璃宮崎千紘宮崎れいな2宮崎音宮崎泰斗宮崎龍乃介宮崎漣宮崎まり宮崎多佳子3宮崎宰宮崎愛斗宮崎万里子宮崎了宮崎心晴宮崎明日花他 98 行を表示,34
34,宮崎一希,「宮崎」さん(之子〜正亘さんまで) - 恋するフォーチュン占い,https://fortune-uranai.info/sei/%E5%AE%AE%E5%B4%8E/24600.html,宮崎ヤス江 · 宮崎ユカ · 宮崎愛治郎 · 宮崎安晃 · 宮崎一希 · 宮崎一啓 · 宮崎一聡 · 宮崎英秀 · 宮崎悦哉 · 宮崎延芳 · 宮崎佳敬 · 宮崎佳臣 · 宮崎雅祐 · 宮崎快夫 ...,35
35,宮崎一希,2021-020055号 脱臭構造及び収容体 - astamuse,https://astamuse.com/ja/published/JP/No/2021020055,"発明者, 松本国大 、黒瀬秀和 、田中健太郎 、宮崎一希. 出願日, - （-経過）. 出願番号, -. 公開日, 2021年2月18日 （7ヶ月経過）. 公開番号, 2021-020055 ...",36
36,宮崎一希,「千葉大学野球チーム名簿」のブログ記事一覧(3ページ目),https://blog.goo.ne.jp/nettoura/c/ffee25ce0264d0d5b0a1ada0c0a24730/2,"2020/09/18 — 宮崎 一希, 3, 進修館. 福永 龍生, 3, 成立学園. 中山 大陸, 2, 花咲徳栄. ◇捕手, 梅田 裕斗, 4, 長崎日大. 磯引 拓生, 3, 近江.",37
37,宮崎一希,宮崎の人気の名前 | 姓名判断,http://fortune-name.com/list/%E5%AE%AE%E5%B4%8E,... 678 宮崎 詩音; 679 宮崎 一希; 680 宮崎 悠生; 681 宮崎 爽; 682 宮崎 右京; 683 宮崎 雄貴; 684 宮崎 そら; 685 宮崎 寛大; 686 宮崎 碧生; 687 宮崎 稜真 ...,38
38,宮崎一希,#進修館高校 Instagram posts (photos and videos) - Picuki.com,https://www.picuki.com/tag/%E9%80%B2%E4%BF%AE%E9%A4%A8%E9%AB%98%E6%A0%A1,おはようございます☀ 今日は宮崎一希選手の23歳のお誕生日です  おめでとうございます   新人のためまだ千葉日野に入ってからの写真がありません。,39
39,宮崎一希,"2019, vol.119, no.382 - 制造业外文文献服务平台 | foreigndata ...",http://foreigndata.cmes.org/ztQKlist.aspx?id=2000267&cbn=2019&njq=2019%2C+vol.119%2C+no.382,"関係データの直積空間への埋め込みによる可視化, 宮崎一希; 渡辺龍二; 古川徹生, 2019, 2019, vol.119, no.382. Multi-Level SOMによるメンバー構成に対するチーム ...",40
40,宮崎一希,学会発表 - 神戸大学,http://www2.kobe-u.ac.jp/~syoshiok/meeting.html,"... 宮崎 一希, 中島 淳一, 末永 伸明, 吉岡 祥一, 中部日本下に沈み込んだフィリピン海プレートの行方, 日本地球惑星科学連合2021年大会, SCG49-10, オンライン, ...",41
41,宮崎一希,愛称を名前から調べる （ トップ ＞ み ＞ 宮崎-か行 ）,http://h.tomeon.net/n/%E3%81%BF/%E5%AE%AE%E5%B4%8E/%E3%81%8B/,... 宮崎和夫 · 宮崎和郎 · 宮崎和男 · 宮崎和雄 · 宮崎和朗 · 宮崎和勇 · 宮崎一生 · 宮崎一夫 · 宮崎一興 · 宮崎和臣 · 宮崎一臣 · 宮崎一希 · 宮崎和希 · 宮崎和樹 ...,42
42,宮崎一希,高校野球資料館（2016）補足資料 - BIGLOBE,http://www5c.biglobe.ne.jp/~mori95/khb/sub/kh2016sub.htm,2021/07/07 — ... 田中梅里（天理大）・山本龍之介（大阪産業大）・牛之濱孝太（福岡工大）・平井大地（大阪経済大）◇進修館：宮崎一希（城西国際大）◇人吉：西村 ...,43
43,宮崎一希,宮崎一希 (@user48npmtlofv) - TikTok,https://www.tiktok.com/@user48npmtlofv,宮崎一希 (@user48npmtlofv) on TikTok | 0 Likes. 0 Fans. Watch the latest video from 宮崎一希 (@user48npmtlofv).,44
44,宮崎一希,Les gens qui échangent fréquemment - whotwi,https://fr.whotwi.com/ymmtryuy/tweets/user,宮崎 一希. @ka_s27 · 2. マーカス社長. @marcusk2020 · 2. ↑受け取り希望の方は申請お願いします  ‍♀️  ‍♀️. @ai__xio__ · 2. ヒカル【金持ちYouTuber】.,45
45,宮崎一希,名門宮崎第一高等学校の新監督に就任した弟、花車泰平に聞く,https://www.youtube.com/watch?v=eYXC121PV3M,11:05宮崎第一高校 空手部のインスタグラムhttps://www.instagram.com/miyazakidaiichi/Picukihttps ...2021/01/25 · アップロード元: /花車勇武 Isamu Hanaguruma花チャンネル,46
46,宮崎一希,ドラフト･レポート 第50回記念明治神宮大会 大学の部,https://draftrepo.blog.fc2.com/?m&no=4676,2019/11/21 — 宮崎 一希(城国大3) 139km/h △安里 海(東海大2) 138km/h 綱脇 慧(東福大2) 138km/h 和田 悠弥(金院大3) 138km/h △坂根 佑真(東福大1) 137km/h,47
47,宮崎一希,埼玉西武ライオンズのドラフト指名,https://150.95.136.87/NominateExpectTeam.php?TeamId=35,宮崎一希.,48
48,宮崎一希,ファイル名：kobeturyouiku.pdf サイズ：2.00MB - 奈良県川西町,https://www.town.nara-kawanishi.lg.jp/cmsfiles/contents/0000004/4186/kobeturyouiku.pdf,2016/10/19 — 臨床心理士 宮崎一希作. 臨床心理士 東浦幸子 代読 . 川西町のフォロー. L. _L ET i lline........... trieltaaaa.com. 体制. Terrenanr.,49
49,宮崎一希,平成9年生まれで 同姓同名の多い順に表示 ページ29(140001 ...,http://douseidoumei.com/heisei/h_name/09/029.htm,"1545, 141545, 宮崎 一希, 1. 1546, 141546, 宮崎 一晃, 1. 1547, 141547, 宮崎 一哉, 1. 1548, 141548, 宮崎 一真, 1. 1549, 141549, 宮崎 一平, 1.",50
50,宮崎一希,皆様今晩は | アマチュア野球掲示板 | 15917,https://9102.teacup.com/koukouyakyuu/bbs/15917,2017/06/01 — 城西国際大投手：瀧口蓮（花咲徳栄）宮崎一希（進修館）山本竜也（御所実業）中島隼也（仙台育英） 野手：花岡小次郎（八戸学院光星）日野智也（ ...,51
51,宮崎一希,中央学院大－城西国際大 千葉大学野球春季リーグ戦・第4週 ...,https://ameblo.jp/kagetora556/entry-12511655730.html,2018/05/10 — 宮崎 一希投手（2年 進修館 187/78 右・左）. 130キロ中盤の直球、カーブ、スライダー、スプリットを投げます。この投手も緩急で打ち取るタイプで ...,52
52,宮崎一希,2015年・第97回全国高校野球埼玉大会チーム紹介（1）,https://saitama-baseball.com/2015/06/30/390/,2015/06/30 — 10 宮崎一希 （2） 11 小野寺大樹 （2） 12 中村海渡 （2） 13 菅山稔基 （2） 14 大須賀良太 （2） 15 橋本拓矢 （2）,53
53,宮崎一希,宮崎 一綺（青森県立八戸西高等学校）-選手名鑑 : 一球速報.com,https://baseball.omyutech.com/PlayerHomePage.action?playerId=1745616&teamId=10647,"背番号, 4. 氏名, 宮崎 一綺. 誕生日, 2003年06月03日. 身長, 164cm. 体重, 60kg. 投/打, 右 / 右. ポジション, 内野手. 出身校, 下長.",54
54,宮崎一希,Furukawa Tetsuo 古川 徹生 - KAKEN — Researchers,https://nrid.nii.ac.jp/nrid/1000050219101/,Author(s). 宮崎一希，渡辺龍二，古川徹生. Organizer. 電子情報通信学会ニューロコンピューティング研究会. Data Source. KAKENHI-PROJECT-18K11472 ...,55
55,宮崎一希,2015月 2度 昆山会月例会の内容 - Paperzz.com,https://paperzz.com/doc/6558957/2015%E6%9C%88-2%E5%BA%A6-%E6%98%86%E5%B1%B1%E4%BC%9A%E6%9C%88%E4%BE%8B%E4%BC%9A%E3%81%AE%E5%86%85%E5%AE%B9,弊社駐在員は新総経理田中健太郎と宮崎一希（経理）の2名体制となります。 それでは今後ともお世話になると思いますが、何卒、よろしくお願い致します。,56
56,宮崎一希,2016年度高校生投手,http://koukouyakyuu.private.coocan.jp/2016koukoutousyu(toukyoumade).htm,"宮崎 一希 （進修館） 城西国際大, 190・85 右・左, ノーワインドアップでオーバースローから130～135㌔（MAX138㌔）くらいのストレート、スライダー、 ...",57
57,宮崎一希,空間データ 平滑化 - Airnamibia comecloser,http://1209202123.airnamibia-comecloser.de/183616.html,2 日前 — 講演抄録／キーワード: 講演名: 2020-01-24 10:30 関係データの直積空間への埋め込みによる可視化 宮崎一希・渡辺龍二・古川徹生（九工大） nc2019-63 ...,58
58,宮崎一希,34559.pdf - RUNNET,http://runnet.jp/runtes/pdf/34000/pamphlet/34559.pdf,2012/02/19 — 宮崎一希-106Km(1時間30分). 鹿児島 一帶- 89Km(1時間20分). ○熊本IC. Attic. 人吉.C. えびのIC. えびのJIC. 鹿児島空港」. 「海辺. 都城1.安崎空港.,59
59,宮崎一希,空間データ 平滑化 - Oscarpena,http://0809202123.oscarpena.es/653998.html,2021/09/09 — 講演抄録／キーワード: 講演名: 2020-01-24 10:30 関係データの直積空間への埋め込みによる可視化 宮崎一希・渡辺龍二・古川徹生（九工大） nc2019-63 ...,60
60,宮崎一希,写真甲子園2014実施報告書 - happylibus.com,https://happylibus.com/doc/481762/%E5%86%99%E7%9C%9F%E7%94%B2%E5%AD%90%E5%9C%922014%E5%AE%9F%E6%96%BD%E5%A0%B1%E5%91%8A%E6%9B%B8,2017/03/28 — ... 南・林 琴音・五十右理乃自然のカタチ宮崎一希・董 笑謙・酒見大寛ツナグ大木明香・小林春花・行方笑未千葉県立成東高等学校千葉県立佐倉高等学校 ...,61
61,宮崎一希,宮崎一成 - Wikipedia,https://ja.wikipedia.org/wiki/%E5%AE%AE%E5%B4%8E%E4%B8%80%E6%88%90,宮崎 一成（みやざき いっせい、1971年5月31日 - ）は、日本の男性声優。広島県広島市安佐南区出身。TABプロダクション所属。本名： 宮崎 一成,62
62,宮崎一希,DocHdl2OnPRS1tmpTarget - PDF Free Download - docsplayer,https://docsplayer.net/106964414-Dochdl2onprs1tmptarget.html,... 千葉県立千葉高等学校 Humanity 堀切遥南 林琴音 五十右理乃 渋谷教育学園幕張高等学校自然のカタチ宮崎一希 董笑謙 酒見大寛 千葉県立成東高等学校ツナグ大木明香 ...,63
63,宮崎一希,空間データ 平滑化 - Vechnayapamyat29,http://173747673.vechnayapamyat29.ru/440407441.html,講演抄録／キーワード: 講演名: 2020-01-24 10:30 関係データの直積空間への埋め込みによる可視化 宮崎一希・渡辺龍二・古川徹生（九工大） nc2019-63 文献「二次元 ...,64
64,宮崎一希,空間データ 平滑化,http://811125207.505tankist.ru/662957185.html,2021/06/22 — 講演抄録／キーワード: 講演名: 2020-01-24 10:30 関係データの直積空間への埋め込みによる可視化 宮崎一希・渡辺龍二・古川徹生（九工大） nc2019-63 ...,65
65,宮崎一希,宮崎 一彰 - 選手プロフィール｜KEIRIN.JP,http://keirin.jp/pc/racerprofile?snum=014778,"氏名, フリガナ, 府県, 生年月日, 年齢, 性別, 登録番号. 宮崎 一彰, ミヤザキ カズアキ, 高知県, 1975/04/24, 46歳, 男, 014778. 期別, 級班, 級班所属日, 次期級班 ...",66
66,宮崎一希,宮崎一成（みやざきいっせい） - dアニメストア,https://anime.dmkt-sp.jp/animestore/tag?tagId=T0001233,生年月日：5月31日出身地：広島県声優、俳優。TABプロダクション所属。アニメ「学園戦記ムリョウ」統原無量役、「あずきちゃん」小笠原勇之助役、「キャプテン翼」（ ...,67
67,宮崎一希,卒業生の活躍｜メディア学部 メディア情報学科｜城西国際大学,https://www.jiu.ac.jp/media/career/detail/id=1340,2018年に卒業した高橋賢成さんが、卒業製作で監督した作品「海抜」が6月9日「Nippon Connection 2019」で「 Nippon Visions Jury Awards!」を受賞しました。,68
68,宮崎一希,宮崎一成のプロフィール・画像・写真(0000036692),https://thetv.jp/person/0000036692/,声優、俳優。アニメ「学園戦記ムリョウ」統原無量役、「あずきちゃん」小笠原勇之助役、「キャプテン翼」（平成版）三杉淳役、「よみがえる空-RESCUEWINGS-」内田一宏 ...宮崎一成の誕生日は?宮崎一成の出身地は?,69
69,宮崎一希,宮崎 一成 – seigura.com,https://seigura.com/directory/1243/,"出身地, 広島県. 誕生日, 5月 31日. 血液型, B型. 所属, TABプロダクション. 趣味・特技・資格, 歌、ダンス、太極拳、野球. 出演作品, TV『学園戦記ムリョウ』統原 ...",70
70,宮崎一希,校長挨拶｜学校法人旭進学園 – 宮崎第一中学高等学校,https://miyaichi.ed.jp/principal/,「日々新たに」 宮崎第一中学高等学校校長 池間 健治本校は、昭和30年に創立者佐藤一一先生によって開校されました。「人間教育」を建学の理念とし、個性豊かで創...,71
